query,subject,percent_identity
B3GALT6,B3GALT6,85.843
NEU1,NEU1,85.817
DUT,DUT,96.04
EHMT2,EHMT1,61.893
NADK,NADK,94.815
PLCH2,PLCD4,50.877
GALK2,GALK2,94.649
PLCH2,PLCZ1,51.832
SLC27A2,SLC27A2,85.185
SLC27A2,SLC27A6,57.94
PLCH2,PLCH1,63.242
PLCH2,PLCH2,90.094
HDC,HDC,90.95
HDC,DDC,52.731
PANK4,PANK4,95.343
ENO1,ENO1,95.862
CYP19A1,CYP19A1,84.127
ENO1,ENO3,86.257
ENO1,ENO2,84.32
SLC2A7,LOC107131287,59.722
SLC2A7,SLC2A5,59.722
PIGB,PIGB,92.832
EHMT2,SUV39H1,52.027
SLC2A5,LOC107131287,82.254
SLC2A5,SLC2A5,82.254
SLC2A5,SLC2A11,53.333
SLC2A5,SLC2A2,56.098
CYP21A2,CYP21A2,80.226
AGPAT1,AGPAT1,97.527
HSD17B8,HSD17B8,87.786
ALDH1A2,ALDH1A2,99.291
B3GALT4,B3GALT4,81.51
H6PD,SPSB1,84.668
PIK3CD,PIK3CD,95.311
ALDH1A2,ALDH1A1,75.414
IP6K3,IP6K1,53.737
IP6K3,IP6K2,51.154
IP6K3,IP6K3,79.688
PIK3CD,PIK3CB,56.303
ALDH1A2,ALDH1A3,72.577
ALDH1A2,ALDH2,70.213
ALDH1A2,ALDH1B1,63.83
ALDH1A2,ALDH1L1,52.804
ALDH1A2,ALDH1L2,50.948
AQP9,AQP9,87.356
AQP9,AQP3,51.316
LIPC,LIPC,77.555
LDHAL6B,LDHAL6B,82.984
LDHAL6B,LDHA,71.343
LDHAL6B,LDHC,69.069
LDHAL6B,LDHB,66.867
LDHAL6B,LOC107133235,51.977
GCNT3,GCNT3,83.409
GCNT3,GCNT1,55.978
GCNT3,LOC112443869,51.037
GCNT3,GCNT2,52.083
GCNT3,LOC520336,51.25
SLC26A8,SLC26A8,70.595
CA12,CA12,80.137
GLO1,GLO1,89.73
GLO1,LOC101905254,88.649
GNMT,GNMT,92.857
GNMT,LOC112443696,92.517
NMNAT1,NMNAT2,51.402
NMNAT1,NMNAT1,88.0
SLC24A1,SLC24A4,56.818
SLC24A1,SLC24A3,57.955
PGD,PGD,94.835
SRM,SRM,94.389
SLC29A1,SLC29A1,87.153
MTHFR,MTHFR,94.286
SLC35B2,SLC35B2,95.847
CYP39A1,CYP39A1,79.701
SLC24A1,SLC24A1,94.175
SLC24A1,SLC24A2,71.605
PLOD1,PLOD1,94.026
SLC25A27,SLC25A27,97.949
PLOD1,PLOD3,60.426
PLOD1,PLOD2,60.338
PLA2G7,PLA2G7,83.879
AGMAT,AGMAT,84.807
RHAG,RHAG,74.86
SDHB,SDHB,93.95
RHAG,RHCG,52.752
GLCE,GLCE,98.615
RHAG,RHBG,56.129
ALDH4A1,ALDH4A1,91.054
PGK2,PGK2,89.952
PGK2,PGK1,86.842
PKM,PKM,97.778
AKR7A2,LOC538060,51.282
AKR7A2,AKR7A2,83.558
AKR7A2,LOC788425,82.449
PLA2G2E,PLA2G2E,85.315
PLA2G2A,LOC521383,67.586
PLA2G2A,LOC507201,63.448
PLA2G2A,LOC615045,63.448
PLA2G2A,PLA2G2E,54.483
GCLC,GCLC,94.221
PLA2G5,PLA2G5,74.101
HMGCLL1,HMGCL,72.727
PLA2G2D,LOC112443425,64.516
PLA2G2D,PLA2G2D1,62.903
PLA2G2D,PLA2G2D4,62.295
PLA2G2D,LOC613966,64.286
PLA2G2F,LOC613966,50.769
HMGCLL1,HMGCLL1,96.667
PLA2G2F,PLA2G2F,78.947
CDA,CDA,80.952
DDOST,DDOST,95.89
PKM,PKLR,73.469
HEXA,HEXA,87.87
HEXA,HEXB,55.467
HEXA,LOC786974,54.813
ALPL,LOC100125266,57.554
ALPL,ALPI,57.074
LGSN,LGSN,86.304
CYP11A1,CYP11A1,73.352
B3GAT2,B3GAT2,92.966
CYP1A1,CYP1A1,81.213
CYP1A1,CYP1A2,70.099
CYP1A2,CYP1A2,82.205
B3GAT2,B3GAT3,52.632
CYP1A2,CYP1A1,73.425
ALPL,ALPL,92.081
ALPL,LOC528262,58.444
B3GAT2,B3GAT1,58.65
ALPL,LOC516378,58.0
GALE,GALE,95.989
MPI,MPI,96.396
HMGCL,HMGCL,91.489
HMGCL,HMGCLL1,74.815
COX5A,COX5A,86.275
FUCA1,FUCA1,86.136
FUCA1,FUCA2,55.329
PPCDC,PPCDC,89.474
MAN2C1,MAN2C1,94.527
MAN1C1,MAN1C1,93.415
MAN1C1,MAN1A1,67.373
MAN1C1,MAN1A2,68.067
ETFA,ETFA,95.509
IDH3A,IDH3A,97.792
IDH3A,IDH3B,51.2
IREB2,IREB2,97.076
PAFAH2,PAFAH2,88.387
IREB2,ACO1,67.073
MTHFS,MTHFS,85.315
EXTL1,EXTL1,80.265
FAH,FAH,91.346
SEC11A,SEC11A,100.0
SEC11A,SEC11C,85.106
PIGV,PIGV,86.207
SLC9A1,SLC9A1,96.576
SLC9A1,SLC9A2,55.326
SLC9A1,LOC518911,62.356
SLC17A5,SLC17A5,88.889
TMEM54,TMEM54,85.65
COX7A2,COX7A2,85.714
COX7A2,LOC132343906,77.381
COX7A2,LOC132346172,73.81
COX7A2,LOC132343845,67.47
COX7A2,COX7A1,55.072
COX7A2,COX7A2L,53.448
ELOVL4,ELOVL4,91.746
SLC28A1,SLC28A3,51.496
AK2,AK2,96.354
BCKDHB,BCKDHB,96.904
PGM3,CABCOCO1,59.459
PGM3,LOC534913,84.0
PGM3,DEK,80.0
PGM3,MLLT10,72.0
AZIN2,AZIN2,91.148
SLC28A1,SLC28A1,88.624
AZIN2,ODC1,56.856
AZIN2,LOC515547,52.961
PGM3,PGM3,88.582
SLC28A1,SLC28A2,70.674
RWDD2A,RWDD2A,96.018
ME1,ME1,92.491
ME1,ME3,72.662
ME1,ME2,57.5
NT5E,NT5E,89.391
SLC35A1,SLC35A1,95.266
SLC35A1,SLC35A2,58.065
FUT9,FUT9,97.5
COQ3,COQ3,88.446
DDO,DDO,86.364
INPP5B,OCRL,57.324
AMD1,AMD1,100.0
SLC16A10,SLC16A10,88.846
SLC16A10,SLC16A2,55.294
HS3ST5,HS3ST5,97.983
MAN1A1,MAN1C1,65.441
INPP5B,INPP5B,91.042
MAN1A1,MAN1A1,89.978
NDUFS5,NDUFS5,74.766
OXCT2,LOC100297708,80.194
OXCT2,OXCT2,80.0
OXCT2,OXCT1,73.41
MAN1A1,MAN1A2,71.493
PDE8A,PDE8A,90.444
PDE8A,PDE8B,76.169
ANPEP,ANPEP,77.996
IDH2,IDH2,97.007
IDH2,IDH1,70.497
ARG1,ARG2,60.703
ARG1,ARG1,93.571
ARG1,AGMAT,65.517
ENPP3,ENPP3,81.849
CTPS1,CTPS1,100.0
CTPS1,CTPS2,82.335
ENPP3,ENPP1,54.969
ENPP1,ENPP1,87.041
PPCS,PPCS,92.157
ENPP1,ENPP3,53.609
MAN2A2,MAN2A1,57.192
MOXD1,LOC785161,88.762
MAN2A2,MAN2A2,92.967
SLC2A1,SLC2A1,97.16
MOXD1,MOXD1,90.857
SLC2A1,SLC2A3,67.086
SLC2A1,SLC2A4,65.657
SLC2A1,LOC538810,64.655
VNN1,VNN1,82.46
VNN1,VNN2,62.635
SLC2A1,SLC2A2,59.357
VNN2,VNN1,72.527
SLCO3A1,SLCO3A1,97.187
VNN2,VNN2,85.714
ST3GAL3,C13H20orf173,52.941
ALDH1A3,ALDH1A3,95.139
ALDH1A3,ALDH1A2,74.394
ALDH1A3,ALDH1A1,73.356
SLC2A12,SLC2A12,88.033
ALDH1A3,ALDH2,67.128
ALDH1A3,ALDH1B1,61.458
ST3GAL3,ST6GAL2,56.25
ALDH1A3,ALDH1L1,55.556
PDE7B,PDE7B,96.901
PDE7B,PDE7A,63.768
FUCA2,FUCA2,87.586
FUCA2,FUCA1,54.566
CHSY1,CHSY1,97.552
UST,UST,96.594
CHSY1,CHSY3,69.591
NME4,NME3,62.5
NME4,LOC104968435,61.111
NME4,NME2,61.111
NME4,NME1,58.333
NME4,NME4,85.294
PIGQ,PIGQ,86.254
HAGHL,HAGHL,90.099
HAGHL,HAGH,54.726
NME3,NME4,63.889
NME3,NME6,60.714
NME3,NME3,95.312
CYP2F1,CYP2B39,62.5
NME3,NME2,73.171
ST3GAL3,ST6GALNAC2,56.522
NME3,NME1,70.27
NME3,LOC104968435,73.171
HAGH,HAGH,90.805
CYP2F1,CYP2S1,56.41
HAGH,HAGHL,52.577
HS3ST6,HS3ST6,92.157
MTHFD1L,MTHFD1L,93.727
MTHFD1L,MTHFD1,73.063
HS3ST6,HS3ST2,69.268
HS3ST6,HS3ST3B1,74.708
HS3ST6,HS3ST4,71.984
HS3ST6,HS3ST3A1,74.257
ST3GAL3,ST3GAL3,100.0
NDUFB10,NDUFB10,78.659
ECI1,ECI1,79.098
ATP6V0C,ATP6V0C,97.71
AMDHD2,AMDHD2,92.157
SYNJ2,SYNJ2,90.323
SYNJ2,SYNJ1,58.802
ADCY9,ADCY9,91.346
HMOX2,HMOX1,55.34
HMOX2,HMOX2,81.699
ALG1,ALG1,83.333
SOD2,SOD2,93.22
ACAT2,ACAT2,90.186
SLC22A1,SLC22A1,80.615
SLC22A1,SLC22A2,70.933
ABAT,ABAT,94.811
SLC22A2,SLC22A2,86.364
ST3GAL3,ST3GAL6,51.429
PMM2,PMM2,94.656
PMM2,LOC782057,92.593
SLC22A2,SLC22A1,69.575
SLC22A2,SLC22A3,51.002
PMM2,PMM1,70.0
PLA2G10,LOC613966,68.345
PLA2G10,LOC112443425,54.545
PLA2G10,PLA2G2E,51.667
SLC22A3,SLC22A2,54.799
SLC22A3,SLC22A3,95.309
ABCC1,LOC104969875,54.839
ABCC1,LOC112449072,55.924
AGPAT4,AGPAT4,89.182
AGPAT4,AGPAT3,62.133
ABCC1,LOC100337129,52.083
ATP6V0B,ATP6V0B,100.0
B4GALT2,B4GALT2,95.174
B4GALT2,B4GALT4,52.381
PDE10A,PDE10A,97.025
B4GALT2,B4GALT1,52.174
B4GALT2,B4GALT3,54.082
CHST12,CHST12,76.066
C1GALT1,C1GALT1,94.34
NDUFA4,NDUFA4,87.952
NDUFA4,NDUFA4L2,71.053
DGKB,DGKA,61.065
DGKB,DGKG,68.061
ATP1A3,ATP1A2,88.923
ATP1A3,ATP1A1,88.11
SLC6A9,SLC6A7,54.839
SLC6A9,SLC6A9,95.117
SLC6A9,LOC515755,82.869
SLC6A9,SLC6A5,50.473
DGKB,DGKB,97.604
ATP1A3,ATP12A,66.497
UROD,UROD,94.293
PRDX1,PRDX1,97.0
PRDX1,PRDX2,74.872
PRDX1,PRDX4,70.879
PRDX1,PRDX3,66.129
AKR1A1,AKR1B10,57.143
AKR1A1,AKR1A1,94.054
AKR1A1,AKR1B1,50.27
XYLT1,XYLT2,70.536
PIK3R3,PIK3R2,74.055
XYLT1,XYLT1,93.236
COQ7,COQ7,92.778
PAFAH1B3,PAFAH1B3,96.996
ACSM1,ACSM1,85.294
ACSM1,ACSM2B,81.395
ACSM1,ACSM4,67.143
PIK3R3,PIK3R3,98.163
ACSM1,ACSM3,67.568
PIK3R3,PIK3R1,80.376
PAFAH1B3,PAFAH1B2,65.278
UQCRH,UQCRH,95.385
CKM,CKM,96.597
CKM,CKB,81.152
CYP4A11,CYP4B1,62.838
ACSM1,ACSM5,68.5
CYP4A11,CYP4F22,51.007
CYP4A11,CYP4A11,86.957
DGKB,DGKD,53.125
CYP4A11,CYP4A59,81.127
CYP4A11,CYP4A22,81.127
DGKB,DGKH,56.25
PRPS1L1,PRPS1,94.34
PRPS1L1,PRPS2,90.881
PRPS1L1,PRPS1L1,86.478
UQCRC2,UQCRC2,89.427
CYP4A11,LOC100847677,55.556
HS3ST2,HS3ST2,96.739
CYP4A11,LOC100295883,54.255
CYP4A11,LOC507016,55.319
CYP4A11,LOC534967,57.143
CYP4A11,CYP4F47,53.191
CYP4A11,LOC507615,52.128
HIBADH,HIBADH,98.305
INMT,INMT,55.682
HS3ST2,HS3ST4,68.966
CMPK1,CMPK1,98.374
HS3ST2,HS3ST3A1,74.545
HS3ST2,HS3ST3B1,75.472
HS3ST2,HS3ST6,79.545
HS3ST2,HS3ST5,51.852
NDUFAB1,NDUFAB1,87.261
SLC5A9,SLC5A1,71.25
PDE1C,PDE1B,62.887
SLC5A9,SLC5A2,70.13
PDE1C,PDE1C,96.237
SLC5A9,LOC531152,54.43
PDE1C,PDE1A,77.374
SLC5A11,SLC5A11,88.906
SLC5A9,SLC5A10,72.727
SLC5A11,SLC5A10,57.085
SLC5A11,SLC5A9,58.235
SLC5A11,SLC5A2,63.291
SLC5A11,SLC5A3,60.645
SLC5A11,SLC5A1,66.456
SLC5A9,SLC5A11,60.127
SLC5A9,SLC5A4,59.177
SLC5A9,SLC5A3,57.367
NT5C3A,LOC534181,91.265
SLC5A9,SLC5A9,93.284
NT5C3A,NT5C3A,92.169
NT5C3A,NT5C3B,59.127
SLC5A11,LOC531152,55.696
SLC5A11,SLC5A4,63.291
BLVRA,BLVRA,92.256
PGAM2,PGAM2,95.276
PGAM2,PGAM1,81.028
GCK,HK2,56.591
AQP8,AQP8,81.008
HS3ST4,HS3ST4,92.431
HS3ST4,HS3ST2,73.993
GCK,HK3,53.947
HS3ST4,HS3ST3A1,73.077
HS3ST4,HS3ST3B1,73.438
HS3ST4,HS3ST6,72.481
SULT1A2,SULT1A1,83.065
SULT1A2,SULT1D1,59.596
SULT1A2,SULT1C3,60.606
SULT1A2,LOC783020,58.947
SULT1A2,SULT1B1,55.556
GCK,GCK,96.667
SULT1A2,LOC100300896,57.143
GCK,HK1,53.95
SULT1A2,SULT1C2,53.535
GCK,HKDC1,53.778
SULT1A2,SULT1E1,52.143
ECHDC2,CDYL2,51.515
ECHDC2,ECHDC2,92.713
OGDH,OGDH,98.448
SULT1A1,SULT1D1,61.749
SULT1A1,SULT1C3,58.47
SULT1A1,SULT1B1,56.284
SULT1A1,LOC783020,58.683
SULT1A1,LOC100300896,57.485
SULT1A1,SULT1E1,54.098
OGDH,LOC132342072,98.005
OGDH,OGDHL,80.212
SULT1A1,SULT1C2,54.098
SULT1A1,MPV17L,90.909
ADCY1,ADCY3,55.405
ADCY1,ADCY1,98.065
ADCY1,ADCY6,63.469
ADCY1,ADCY5,68.924
ADCY1,ADCY8,61.265
ADCY1,ADCY2,55.056
ADCY1,ADCY7,53.053
ADCY1,ADCY4,53.462
SULT1A1,SULT1A1,86.869
UPP1,UPP2,69.767
UPP1,UPP1,84.211
SCP2,SCP2,94.326
QPRT,QPRT,88.435
CDIPT,CDIPT,95.973
SLC1A7,SLC1A2,66.423
DDC,DDC,90.448
SLC1A7,SLC1A3,81.379
SLC1A7,SLC1A4,54.088
ALDOA,ALDOA,97.808
ALDOA,ALDOC,82.192
SLC1A7,SLC1A6,67.052
ALDOA,ALDOB,71.038
SLC1A7,SLC1A1,70.27
SULT1A3,SULT1A1,80.743
SULT1A3,SULT1D1,57.045
SLC1A7,SLC1A5,57.143
SLC1A7,SLC1A7,95.129
SULT1A3,SULT1B1,52.56
SULT1A3,LOC783020,54.355
SULT1A3,LOC100300896,53.684
SULT1A3,SULT1C3,53.287
SULT1A3,SULT1C2,51.014
SULT1A3,SULT1E1,52.143
SEPHS2,SEPHS2,91.556
SEPHS2,SEPHS1,73.618
HSD3B7,HSD3B7,90.323
COX6A2,COX6A2,80.612
CPT2,CPT2,87.234
COX6A2,COX6A1,58.889
DDC,HDC,54.438
COX6A2,LOC101902002,57.778
PSPH,PSPH,94.248
DHCR24,DHCR24,96.905
PLPP3,PLPP3,94.569
GUSB,LOC101904377,80.272
PLPP3,PLPP1,56.349
SLC5A2,SLC5A10,59.735
SLC5A2,LOC531152,55.587
PLPP3,PLPP2,53.093
ALG6,ALG6,91.142
PGM1,PGM1,95.915
PGM1,PGM5,67.782
AK4,AK4,93.75
GUSB,GUSB,81.928
SLC5A2,SLC5A2,95.225
AK4,AK3,59.74
ASL,ASL,95.711
SLC5A2,SLC5A1,66.667
SLC5A2,SLC5A4,61.93
SLC5A2,SLC5A9,63.173
SLC5A2,SLC5A11,59.49
MDH2,MDH2,96.503
SLC5A2,SLC5A3,54.622
CROT,CROT,88.889
GPT2,GPT2,96.698
GPT2,GPT,68.399
ABCB4,LOC101902435,85.902
PDE4B,MGC137454,93.684
ABCB4,LOC785370,67.368
ABCB4,ABCB5,55.323
ADCY7,ADCY1,51.988
PDE4B,PDE4B,97.719
ADCY7,ADCY4,57.729
ADCY7,ADCY7,89.217
ADCY7,ADCY2,59.122
PDE4B,PDE4A,80.705
PDE4B,PDE4C,75.484
PDE4B,PDE4D,82.305
ABCB4,ABCB1,74.554
ABCB4,ABCB4,88.962
ABCB4,LOC100296627,76.949
SLC6A2,SLC6A2,94.153
SLC6A2,SLC6A4,60.606
SLC35D1,SLC35D1,98.125
SLC6A2,SLC6A13,52.836
SLC6A2,SLC6A6,50.138
CYP51A1,CYP51A1,94.815
SLC6A2,SLC6A11,50.898
SLC35D1,SLC35D2,59.761
CTH,CTH,91.557
SLC6A2,SLC6A3,68.7
SLC6A2,SLC6A12,53.333
SLC12A3,SLC12A3,92.726
SLC25A13,SLC25A12,84.474
SLC25A13,SLC25A13,97.483
SLC12A3,SLC12A2,52.866
FPGT,FPGT,86.842
ACADM,LOC101906837,91.589
ASNS,ASNS,94.662
ACADM,ACADM,92.95
ST6GALNAC3,ST6GALNAC4,53.846
CYP3A5,CYP3A74,76.726
CYP3A5,CYP3A76,76.215
CYP3A5,CYP3A24,74.169
CYP3A5,CYP3A28,75.196
SLC12A3,SLC12A1,51.902
GOT2,GOT2,93.039
ST6GALNAC3,ST6GALNAC3,98.165
CYP3A7,CYP3A74,73.413
ST6GALNAC5,ST6GALNAC5,91.691
ST6GALNAC5,ST6GALNAC6,52.459
CYP3A7,CYP3A76,76.037
PIGK,PIGK,93.939
CYP3A7,CYP3A24,73.272
CYP3A7,CYP3A28,70.363
CYP3A4,CYP3A74,76.786
AK5,AK1,58.115
CYP3A4,CYP3A76,77.65
CYP3A4,CYP3A24,74.885
AK5,AK5,97.65
CYP3A4,CYP3A28,73.185
CYP3A43,CYP3A74,70.609
CYP3A43,CYP3A76,71.698
CYP3A43,CYP3A28,69.517
HS2ST1,HS2ST1,98.88
TK2,TK2,87.912
CYP3A43,CYP3A24,69.213
GCLM,GCLM,96.791
DPYD,DPYD,94.048
CA7,CA3,52.717
CA7,CA7,96.635
CA7,CA13,56.65
CA7,CA2,57.143
CA7,CA5B,54.902
ACHE,ACHE,94.767
CA7,CA1,55.941
CA7,CA5A,53.883
CA7,LOC100847874,55.446
AGL,AGL,93.599
CA7,LOC784254,55.446
SLC35A3,SLC35A3,98.198
ACHE,BCHE,53.372
CES2,CES2,72.727
PLOD3,PLOD3,94.678
PLOD3,PLOD2,58.946
CES2,CES5A,51.716
PLOD3,PLOD1,60.426
PIK3CG,PIK3CG,95.376
SLC26A4,SLC26A4,88.363
SLC26A3,SLC26A3,79.922
DLD,DLD,98.297
SLC35A3,SLC35A2,63.158
AASS,AASS,93.111
SLC13A1,SLC13A1,87.96
SLC13A1,SLC13A5,52.0
SLC9A5,LOC518911,51.818
SLC13A1,SLC13A4,51.832
DBT,DBT,93.038
EXTL2,EXTL2,87.311
SLC13A1,SLC13A3,56.061
SLC9A5,SLC9A5,99.39
AMY2B,AMY2B,86.523
AMY2B,LOC539383,89.286
AMY2A,AMY2B,86.328
AMY2A,LOC539383,88.839
NDUFA5,LOC132346262,84.211
AMY1A,AMY2B,86.133
AMY1A,LOC539383,88.393
NDUFA5,NDUFA5,87.179
AMY1B,AMY2B,86.133
AMY1B,LOC539383,88.393
SLC9A5,SLC9A3,66.309
AMY1C,AMY2B,86.133
AMY1C,LOC539383,88.393
AMPD2,AMPD2,98.125
SLC9A5,SLC9A2,50.939
SLC9A5,SLC9A1,51.835
AMPD2,AMPD1,55.418
HSD11B2,HSD11B2,84.289
AMPD2,AMPD3,53.08
ATP6V0D1,ATP6V0D1,100.0
IMPDH1,IMPDH2,84.226
ATP6V0D1,ATP6V0D2,66.859
LCAT,LCAT,90.93
LCAT,PLA2G15,55.814
GSTM1,LOC783879,85.845
GSTM1,LOC327709,84.018
GSTM1,GSTM2,82.648
SLC12A4,SLC12A4,97.443
GSTM1,LOC615514,82.192
SLC12A4,SLC12A6,79.941
GSTM1,GSTM3,72.685
IMPDH1,IMPDH1,98.447
SLC12A4,SLC12A5,70.423
SLC12A4,SLC12A7,71.316
GSTM1,LOC100295687,80.263
AHCYL1,AHCYL1,100.0
ATP6V1F,ATP6V1F,99.167
AHCYL2,AHCYL2,99.753
AHCYL1,AHCYL2,93.333
AHCYL1,AHCY,51.168
CEPT1,CHPT1,67.76
CEPT1,CEPT1,98.801
CHIA,CHI3L1,50.524
CHIA,CHIA,84.266
CHIA,LOC101903127,52.978
AHCYL2,AHCYL1,93.58
AHCYL2,AHCY,51.478
SLC16A1,SLC16A1,84.861
SLC16A1,LOC509911,73.239
SLC16A1,SLC16A7,58.178
AMPD1,AMPD1,93.548
SLC35B4,SLC35B4,94.024
AKR1B1,AKR1E2,62.5
AMPD1,AMPD2,55.435
SLC7A6,SLC7A6,89.922
SLC7A6,SLC7A7,73.824
AMPD1,AMPD3,60.979
AKR1B1,AKR1B1,89.595
AKR1B1,LOC616199,89.595
SMPD3,SMPD3,89.514
SMPD3,SMPD5,63.636
HAS3,HAS3,98.917
HAS3,HAS2,70.513
HAS3,LOC132345335,69.51
ATP1A1,ATP4A,65.777
HAS3,LOC515601,67.631
HAS3,HAS1,58.896
AKR1B1,AKR1D1,52.874
ATP1A1,ATP1A4,85.934
AKR1B1,LOC782061,52.874
AKR1B1,AKR1C4,52.299
AKR1B1,LOC132342107,52.874
AKR1B1,20ALPHA-HSD,52.299
ATP1A1,ATP1A1,97.885
ATP1A1,ATP1A3,88.117
ATP1A1,ATP1A2,88.62
ATP1A1,ATP12A,66.566
AKR1B1,AKR1C3,51.149
AKR1B1,LOC782922,51.149
AKR1B1,LOC785762,51.724
AKR1B1,LOC527068,50.575
AKR1B1,LOC782884,50.575
AKR1B1,LOC132342089,53.247
AKR1B1,LOC112449293,51.948
MAN1A2,MAN1A1,63.371
AKR1B1,LOC132342088,53.731
MAN1A2,MAN1C1,63.547
MAN1A2,MAN1A2,95.639
AKR1B1,AKR1B10,80.488
AKR1B1,LOC112441538,65.625
AKR1B1,LOC538060,52.239
AKR1B1,LOC506594,53.731
AKR1B1,LOC112441521,65.854
BPGM,LOC112447087,94.231
BPGM,BPGM,94.231
BPGM,PGAM2,51.373
BPGM,PGAM1,52.734
SLC13A4,SLC13A4,90.605
GCSH,GCSH,95.238
GCSH,LOC101905887,95.238
GCSH,LOC614208,94.068
HAO2,HAO2,83.186
GCSH,LOC132346346,94.309
GCSH,LOC787129,79.365
HSD3B2,HSD3B1,78.226
BCO1,BCO1,92.233
HSD3B1,HSD3B1,78.877
BCO1,RPE65,53.448
PLCG2,PLCG2,94.15
PLCG2,PLCG1,50.595
PLCG2,PLCB4,51.111
HSD17B2,HSD17B2,71.111
HSD17B2,HSD11B2,50.746
PHGDH,PHGDH,100.0
MLYCD,MLYCD,84.8
COX4I1,COX4I1,84.677
HMGCS2,HMGCS2,87.623
HMGCS2,HMGCS1,67.88
COX4I1,COX4I2,64.444
SLC7A5,SLC7A5,91.977
SLC7A5,SLC7A6,50.308
SLC7A5,SLC7A10,50.949
SLC7A5,SLC7A8,52.586
CA5A,CA7,53.03
CA14,CA14,89.61
CA5A,CA5A,73.684
CA5A,CA5B,64.338
CA5A,CA3,52.74
SETDB1,SETDB2,60.0
CA5A,CA2,50.622
CA5A,CA1,50.628
CA5A,LOC100847874,50.209
CA5A,LOC784254,50.209
CA5A,CA13,54.483
SETDB1,SETDB1,97.564
MVD,MVD,83.554
APRT,APRT,86.74
DGKI,DGKH,53.901
DGKI,DGKD,54.688
DGKI,DGKI,98.792
GALNS,GALNS,88.352
DGKI,DGKZ,76.945
DGKI,DGKG,52.486
AKR1D1,AKR1D1,90.826
SLC43A2,SLC43A1,58.813
PIP5K1A,PIP5K1C,81.538
PIP5K1A,PIP5K1B,76.178
SLC43A2,SLC43A2,95.406
PAFAH1B1,PAFAH1B1,100.0
ASPA,ASPA,92.808
ALOX15,ALOX15,86.935
AKR1D1,LOC112441521,60.185
ALOX15,ALOX12E,70.588
ALOX15,ALOX12,64.006
AKR1D1,LOC132342107,59.336
AKR1D1,AKR1C3,60.833
AKR1D1,AKR1C4,60.833
AKR1D1,LOC782061,59.167
AKR1D1,LOC527068,57.5
AKR1D1,LOC782884,57.5
AKR1D1,LOC112449293,57.965
AKR1D1,LOC132342089,57.269
PLD2,PLD2,92.629
AKR1D1,LOC132342088,59.0
AKR1D1,LOC112441538,66.327
PLD2,PLD1,63.158
SLC25A11,SLC25A11,96.19
ENO3,ENO3,97.959
AKR1D1,20ALPHA-HSD,59.14
ENO3,ENO1,83.908
ENO3,ENO2,83.527
SLC13A5,SLC13A2,53.459
AKR1D1,LOC506594,55.052
AKR1D1,LOC785762,60.082
AKR1D1,LOC538060,60.0
AKR1D1,LOC782922,58.5
AKR1D1,LOC112449294,55.758
SLC13A5,SLC13A5,82.363
AKR1D1,LOC514083,57.778
AKR1D1,AKR1B1,56.391
AKR1D1,AKR1B10,55.072
AKR1D1,LOC616199,54.887
ALOX12,ALOX12,87.349
ATP6V0A4,ATP6V0A4,85.731
ATP6V0A4,ATP6V0A1,61.43
ATP6V0A4,ATP6V0A2,51.704
ALOX12,ALOX12E,62.801
ALOX12,ALOX15,70.096
SLC2A4,SLC2A4,94.51
SLC2A4,SLC2A1,65.455
TBXAS1,TBXAS1,86.486
SLC2A4,SLC2A3,58.248
SLC2A4,LOC538810,55.864
SLC2A4,SLC2A2,58.405
SAT2,SAT2,87.719
NDUFB2,NDUFB2,83.962
SAT2,SAT1,50.515
ATP1B2,ATP1B2,98.969
CYB5D1,CYB5D1,88.889
GUCY2D,GUCY2D,86.191
GUCY2D,GUCY2F,51.925
ALOX15B,ALOX15B,82.891
ALOX15B,ALOXE3,52.089
ALOX12B,ALOX12B,88.177
ALOX12B,ALOXE3,54.775
PFAS,PFAS,90.876
PIP5K1A,PIP5K1A,94.785
PIK3R5,PIK3R5,87.542
MGAM,SI,60.976
MGAM,MGAM,87.794
MGAM,LOC100296901,73.178
HS3ST3A1,HS3ST3A1,88.406
HS3ST3A1,HS3ST4,76.098
HS3ST3A1,HS3ST3B1,98.077
HS3ST3A1,HS3ST2,75.926
HS3ST3A1,HS3ST6,75.556
HS3ST3A1,HS3ST1,62.963
HS3ST3A1,HS3ST5,56.667
HS3ST3B1,HS3ST3B1,88.491
AOC1,AOC1,78.59
NOS3,NOS3,95.643
HS3ST3B1,HS3ST3A1,88.177
HS3ST3B1,HS3ST4,76.847
NOS3,NOS1,65.129
HS3ST3B1,HS3ST2,75.49
NOS3,NOS2,62.754
HS3ST3B1,HS3ST6,74.51
PIGL,PIGL,77.311
SLC4A2,SLC4A3,65.827
SLC4A2,SLC4A1,55.568
SLC4A2,SLC4A2,94.899
NT5M,NT5C,68.235
CHPF2,CHPF,61.851
CHPF2,CHPF2,95.343
GALNT11,GALNT11,93.346
NT5M,NT5M,86.784
GALNT11,GALNTL5,60.632
PI4KB,PI4KB,100.0
GALNT11,GALNT17,50.4
NPR1,NPR1,93.126
NPR1,NPR2,61.18
GALNT11,GALNT13,50.562
GALNT11,GALNT16,55.814
GALNT11,GALNT2,56.79
GALNT11,GALNT4,54.321
GALNT11,GALNT6,51.087
NPR1,LOC112449027,51.709
GALNT11,GALNT9,52.459
GALNT11,GALNT15,50.794
KMT2C,KMT2C,83.977
NPR1,GUCY2F,51.215
PEMT,PEMT,80.952
SLC27A3,SLC27A3,88.235
SLC27A3,SLC27A6,54.04
SHMT1,SHMT1,93.382
SHMT1,SHMT2,73.881
PMVK,PMVK,89.831
KMT2C,KMT2D,66.815
KMT2C,KDM5B,61.702
KMT2C,KDM5A,54.902
KMT2C,PHRF1,50.847
KMT2C,PHF21A,53.333
AGPAT5,AGPAT5,85.03
FLAD1,FLAD1,92.754
DPM3,DPM3,92.473
FDFT1,FDFT1,93.043
PKLR,PKM,71.264
PKLR,PKLR,92.759
SLC5A10,SLC5A10,88.552
SLC5A10,SLC5A9,64.378
SLC5A10,SLC5A2,60.152
SLC5A10,SLC5A1,55.017
SLC5A10,SLC5A3,51.103
FDPS,FDPS,90.361
SLC5A10,SLC5A11,55.659
RHBG,RHBG,88.718
RHBG,RHCG,56.281
RHBG,RHAG,53.268
PIGM,PIGM,90.094
ATP1A2,ATP1A2,99.021
ATP1A2,ATP4A,65.429
SLC5A10,LOC531152,50.388
ALDH3A2,ALDH3A1,68.17
ATP1A2,ATP1A4,85.742
ATP1A2,ATP1A3,89.035
ATP1A2,ATP1A1,87.865
ATP1A2,ATP12A,67.007
ALDH3A2,ALDH3A2,86.111
ALDH3A2,ALDH3B1,56.175
ALDH3A2,LOC508879,54.406
ATP1A4,ATP1A4,88.987
ATP1A4,ATP4A,62.529
ALDH3A1,ALDH3A1,88.189
ATP1A4,ATP1A2,81.14
ATP1A4,ATP1A1,79.503
ATP1A4,ATP12A,63.693
ALDH3A1,ALDH3A2,69.811
ALDH3A1,ALDH3B1,57.911
ALDH3A1,LOC508879,56.679
NOS2,NOS2,89.102
ATP1A4,ATP1A3,80.723
NOS2,NOS3,51.583
NOS2,NOS1,60.351
SLC46A1,SLC46A1,84.965
PPOX,PPOX,91.847
SLC13A2,SLC13A2,77.586
SLC13A2,SLC13A5,56.604
TUSC3,MAGT1,72.378
TUSC3,TUSC3,98.529
B4GALT3,B4GALT3,96.091
B4GALT3,B4GALT1,54.475
B4GALT3,B4GALT2,56.048
B4GALT3,B4GALT4,58.009
B4GALT3,B4GALT6,53.378
SLC7A2,SLC7A2,91.337
PIGS,PIGS,91.547
SLC7A2,SLC7A1,61.874
ALDOC,ALDOC,98.63
SLC7A2,SLC7A3,58.374
ALDOC,ALDOA,82.466
NDUFS2,NDUFS2,96.448
ALDOC,ALDOB,70.137
SLC7A2,MGC157082,50.198
SLC7A2,LOC789418,50.223
PIPOX,PIPOX,85.496
SLC7A2,LOC504861,65.663
SLC6A4,SLC6A4,93.069
SLC7A2,LOC132342876,64.286
SLC7A2,LOC101904151,53.247
SLC6A4,SLC6A2,52.809
SLC6A4,SLC6A3,51.526
SDHC,SDHC,90.909
PIGW,PIGW,77.624
SLC7A2,LOC532048,50.712
UAP1,UAP1L1,63.081
SLC7A2,LOC104968422,51.509
ASAH1,ASAH1,86.757
UAP1,UAP1,100.0
CSGALNACT1,CSGALNACT1,90.175
CSGALNACT1,CSGALNACT2,69.504
HSD17B7,HSD17B7,86.275
MGST3,MGST3,89.542
ALDH9A1,ALDH9A1,96.364
LPL,LPL,91.649
UCK2,UCK2,98.473
ACACA,ACACB,78.245
SLC18A1,SLC18A1,84.601
SLC18A1,SLC18A2,66.059
ATP6V1B2,ATP6V1B2,99.023
ATP6V1B2,ATP6V1B1,86.585
UCK2,UCK1,70.492
UCK2,UCKL1,55.747
ACACA,ACACA,98.415
ENTPD4,ENTPD4,96.233
ENTPD4,ENTPD7,61.741
PIP4K2B,PIP4K2B,99.041
PIP4K2B,PIP4K2A,79.0
PIP4K2B,PIP4K2C,67.0
DPYSL2,DPYS,58.384
DPYSL2,DPYSL2,99.127
DPYSL2,CRMP1,76.963
DPYSL2,DPYSL3,76.789
ADCY10,ADCY10,81.448
DPYSL2,DPYSL4,74.346
ATP1B1,ATP1B1,84.921
DPYSL2,DPYSL5,51.885
EXTL3,EXTL3,96.957
NME7,NME7,94.286
EXTL3,EXT2,53.812
GSR,GSR,95.455
STARD3,STARD3NL,59.677
GSR,LOC784358,87.079
STARD3,STARD3,95.187
SLC19A2,SLC19A2,94.118
STARD3,LOC132345653,58.602
SLC19A2,SLC19A3,58.14
SLC19A2,SLC19A1,51.163
PIGC,PIGC,95.973
PIGC,LOC508976,87.162
IDO1,IDO1,68.889
GPAT4,GPAT4,97.985
SOAT1,SOAT1,86.789
PNMT,PNMT,88.95
SOAT1,SOAT2,57.143
GPAT4,GPAT3,78.049
ACLY,ACLY,98.443
GLUL,GLUL,96.257
NMNAT2,NMNAT2,98.052
SLC20A2,SLC20A2,88.515
SLC20A2,SLC20A1,60.538
PTGS2,PTGS2,89.171
PTGS2,PTGS1,64.079
PTGS2,NRXN1,63.333
PLA2G4A,PLA2G4A,93.333
ATP6V1H,ATP6V1H,98.917
ATP6V1H,LOC782343,94.946
GLRX2,GLRX2,88.618
SDR16C5,SDR16C5,81.955
SDR16C5,SDR16C6,61.94
CYP7A1,CYP7A1,81.312
GGH,GGH,78.214
CYP7B1,CYP7B1,71.949
PDE7A,PDE7A,96.901
ATP6V1G3,ATP6V1G3,100.0
ATP6V1G3,ATP6V1G1,74.074
ATP6V1G3,ATP6V1G2,70.37
CHIT1,CHIT1,66.88
PDE7A,PDE7B,64.051
CHIT1,CHIA,55.614
CHIT1,OVGP1,50.949
CHIT1,LOC100138271,50.136
CHIT1,CHI3L2,53.642
CHIT1,CHI3L1,50.914
ADHFE1,ADHFE1,90.773
RDH10,RDH10,100.0
IMPA1,IMPA1,90.683
IMPA1,IMPA2,56.757
CA13,LOC784254,59.77
CA13,CA2,61.024
CA13,CA1,59.387
CA13,LOC100847874,59.387
ATP6V0A1,ATP6V0A2,56.27
CA13,CA7,53.906
CA13,CA13,87.671
CA13,CA5B,50.195
ATP2B4,ATP2B3,78.909
CA13,CA3,59.016
ATP2B4,ATP2B2,77.46
ATP6V0A1,ATP6V0A1,100.0
CA1,CA13,64.706
CA1,CA2,63.587
ATP6V0A1,ATP6V0A4,61.657
ATP2B4,ATP2B4,91.068
CA1,CA3,56.831
CA1,CA7,54.011
CA1,CA5B,53.763
CA1,CA5A,55.495
ATP6V0A1,TCIRG1,54.2
CA1,CA1,79.389
CA1,LOC100847874,78.244
CA1,LOC784254,78.626
ATP2B4,ATP2B1,78.957
CA3,CA3,85.441
CA3,CA13,59.302
CA3,CA2,55.642
ETNK2,ETNK2,91.018
CA3,CA1,53.696
CA3,LOC100847874,52.14
CA3,LOC784254,51.751
CA2,CA2,80.934
ETNK2,ETNK1,61.504
CA2,CA7,57.915
NAGLU,NAGLU,86.269
CA2,LOC100847874,60.938
CA2,CA1,60.938
CA2,LOC784254,60.547
CA2,CA5B,55.51
HSD17B1,HSD17B1,71.154
COASY,COASY,91.367
CA2,CA3,58.696
AOC2,AOC2,88.375
AOC2,AOC3,63.648
CA2,CA13,60.959
AOC2,SAO,63.824
PIK3C2B,PIK3C2B,94.806
PIK3C2B,PIK3C2A,50.108
AOC2,LOC100138645,65.789
CA2,CA5A,53.793
SLC26A9,SLC26A9,92.873
ATP6V0D2,ATP6V0D2,89.773
ATP6V0D2,ATP6V0D1,68.3
SLC26A7,SLC26A7,88.846
UQCRB,UQCRB,86.25
UQCRB,LOC100297222,69.333
AOC3,AOC3,85.209
AOC3,LOC100138645,87.452
PTDSS1,PTDSS1,97.679
COX6C,COX6C,74.324
COX6C,LOC782486,71.622
COX6C,LOC132344161,71.622
COX6C,LOC132342342,72.059
COX6C,LOC132345058,60.87
ATP6V1C1,ATP6V1C1,98.956
ATP6V1C1,ATP6V1C2,62.042
PFKFB2,PFKFB2,96.154
PFKFB2,PFKFB4,79.426
PFKFB2,PFKFB1,80.861
PFKFB2,PFKFB3,78.469
AOC3,SAO,84.332
HSD11B1,HSD11B1,78.498
HSD11B1,HSD11B1L,55.462
AOC3,AOC2,65.421
HSD11B1,RDH11,51.429
NAGS,NAGS,93.767
G6PC3,G6PC3,92.857
G6PC3,G6PC1,52.727
BPNT1,BPNT1,94.304
DPYS,DPYS,91.06
DEGS1,DEGS1,89.198
SLC4A1,SLC4A3,56.175
DEGS1,DEGS2,64.727
SLC4A1,SLC4A2,57.831
SLC4A1,SLC4A1,79.161
DPYS,CRMP1,63.027
PYCR2,PYCR3,55.422
PYCR2,PYCR2,95.639
PYCR2,PYCR1,85.67
ITPKB,ITPKB,79.476
DPYS,DPYSL2,63.731
ITPKB,ITPKA,61.818
ITPKB,ITPKC,63.636
DPYS,DPYSL3,63.882
DPYS,DPYSL4,60.934
DPYS,DPYSL5,60.827
EXT1,EXT1,99.331
PLCD3,PLCD3,90.376
PLCD3,PLCD1,53.908
NSF,NSF,99.188
PNPO,PNPO,91.985
PHOSPHO1,PHOSPHO1,92.164
ENPP2,PRG4,51.351
ENPP2,VTN,54.054
XYLT2,XYLT2,89.885
XYLT2,XYLT1,61.734
ABCC3,ABCC3,84.771
ABCC3,ABCC1,57.18
GUK1,GUK1,100.0
ENPP2,ENPP2,94.256
ABCC3,LOC112449072,51.196
ABCC3,LOC523431,54.286
GALNT2,GALNT14,51.807
GALNT2,GALNT11,51.852
NME1,NME1,93.464
GALNT2,GALNT16,55.172
GALNT2,GALNT2,98.106
GNPAT,GNPAT,90.433
NME1,NME2,87.582
NME1,LOC104968435,86.928
NME1,NME3,67.114
NME1,NME4,63.366
GGPS1,GGPS1,98.339
NME2,NME1,90.196
NME2,NME2,94.737
NME2,LOC104968435,94.737
MTR,MTR,94.0
NME2,NME3,67.949
NME2,NME4,62.5
DGKE,DGKE,96.324
EPX,MPO,69.231
EPX,LOC788751,65.224
EPX,LPO,51.594
MPO,MPO,86.429
MPO,LPO,51.31
MPO,LOC788751,51.488
FH,FH,98.1
KMO,KMO,85.193
CA4,CA4,69.388
ACP1,LOC101903026,86.164
ACP1,ACP1,93.711
ACP1,CC2D2B,92.453
NT5C,NT5C,86.486
TPO,TPO,74.914
TPO,FBN1,53.191
TPO,LTBP4,51.064
TPO,CD93,52.083
NT5C,NT5M,61.34
TPO,LPO,50.173
SLC25A19,SLC25A19,81.761
RRM2,RRM2,94.872
GALK1,GALK1,90.769
RRM2,RRM2B,84.83
ODC1,ODC1,93.506
ODC1,LOC515547,87.81
ACOX1,ACOX1,93.345
ACOX1,ACOX2,58.904
ODC1,AZIN2,53.977
ODC1,AZIN1,54.671
HAS2,HAS2,99.096
HAS2,LOC132345335,91.682
HAS2,LOC515601,84.448
AANAT,AANAT,77.561
ATP6V1C2,ATP6V1C1,62.042
HAS2,HAS3,70.642
HAS2,HAS1,51.937
AANAT,LOC112442710,78.049
NDUFB9,NDUFB9,91.935
ST6GALNAC2,ST6GALNAC2,86.129
ST6GALNAC1,ST8SIA6,55.319
SQLE,SQLE,88.918
ST6GALNAC1,ST8SIA5,57.778
ATP6V1C2,ATP6V1C2,95.283
ADCY8,ADCY1,54.489
ST6GALNAC1,ST6GALNAC1,87.742
RDH14,RDH14,89.318
ADCY8,ADCY3,59.111
ST6GALNAC1,ST3GAL4,50.909
ST6GALNAC1,ST6GAL2,54.348
ST6GALNAC1,ST8SIA2,51.064
NT5C1B,NT5C1B,83.495
TK1,TK1,92.398
NT5C1B,NT5C1A,68.125
ADCY8,ADCY8,97.528
ST3GAL1,ST3GAL1,87.647
ST3GAL1,ST6GALNAC4,62.5
ST3GAL1,ST6GAL1,62.0
ST3GAL1,ST6GALNAC1,56.863
ST3GAL1,ST6GALNAC2,59.184
ST3GAL1,ST8SIA6,52.83
PGS1,PGS1,95.476
CYP11B1,LOC787628,78.788
CYP11B1,CYP11B1,72.421
CANT1,CANT1,88.06
CYP11B2,CYP11B1,73.611
CYP11B2,LOC787628,53.103
ADCY3,ADCY1,50.89
OPLAH,OPLAH,94.808
OPLAH,SPATC1,56.923
ENGASE,ENGASE,88.055
GPAA1,GPAA1,92.321
CYC1,CYC1,92.638
GAA,GAA,83.136
DGAT1,DGAT1,90.094
GPT,GPT,88.531
GPT,GPT2,69.023
SGSH,SGSH,93.243
SLC26A11,SLC26A11,83.756
SLC1A1,SLC1A2,68.027
PDE6G,PDE6G,97.727
PDE6G,PDE6H,94.286
ADCY3,ADCY3,96.715
SLC25A10,SLC25A10,90.625
SLC25A10,SLC25A2,52.632
P4HB,P4HB,96.146
SLC1A1,SLC1A6,54.157
SLC1A1,SLC1A1,91.717
SLC1A1,SLC1A3,56.315
SLC1A1,SLC1A7,50.511
ADCY3,ADCY8,53.68
AK3,AK4,63.433
AK3,AK3,92.544
PCYT2,PCYT2,93.296
GLDC,GLDC,93.732
TYRP1,TYRP1,89.033
TYRP1,DCT,53.241
SLC24A2,SLC24A1,81.553
SLC24A2,SLC24A2,92.03
PYCR1,PYCR1,94.86
DNMT3A,DNMT3B,62.025
PYCR1,PYCR2,88.785
MTAP,MTAP,94.014
DCXR,LOC112441469,84.898
DCXR,DCXR,84.898
DCXR,LOC782391,69.388
ACO1,ACO1,94.27
ACO1,IREB2,53.918
DNMT3A,DNMT3A,98.696
FASN,FASN,80.373
NDUFB6,NDUFB6,78.295
SLC16A3,SLC16A3,85.501
SLC16A3,SLC16A8,57.333
TYMS,LOC112449363,92.734
B4GALT1,B4GALT3,57.934
B4GALT1,B4GALT1,90.347
B4GALT1,B4GALT2,66.667
TYMS,TYMS,92.073
B4GALT1,B4GALT4,53.815
NDUFV2,NDUFV2,98.571
NUDT2,NUDT2,90.972
HADHA,HADHA,88.259
GALT,GALT,95.276
PIGO,PIGO,84.722
IMPA2,IMPA2,92.958
HADHB,HADHB,94.077
IMPA2,IMPA1,66.265
GALNT1,GALNT1,98.929
GALNT1,GALNT13,84.353
PGK1,PGK1,97.129
CA9,CA9,81.264
GALNT1,LOC100300881,97.619
GALNT1,GALNT11,50.53
PIK3C3,PIK3C3,98.878
PGK1,PGK2,89.952
SLC14A2,SLC14A2,91.96
SLC14A2,SLC14A1,65.084
NPR2,NPR2,99.485
NPR2,NPR1,78.383
SLC14A1,SLC14A2,68.966
KHK,KHK,89.73
GNE,GNE,99.383
SLC14A1,SLC14A1,84.109
GRHPR,GRHPR,90.909
ALDH1B1,ALDH1B1,85.907
ALDH1B1,ALDH2,75.296
ALDH1B1,ALDH1A2,66.733
ALDH1B1,ALDH1A1,64.729
ALDH1B1,ALDH1A3,63.984
ST8SIA5,ST8SIA5,98.936
ST8SIA5,ST6GALNAC1,52.727
SLC5A6,SLC5A6,89.381
SLC5A6,SLC5A8,51.542
SLC5A6,SLC5A12,52.427
PIP5K1B,PIP5K1B,97.704
PIP5K1B,PIP5K1C,69.639
PIP5K1B,PIP5K1A,75.916
CAD,CPS1,51.126
CAD,CAD,97.125
ST8SIA5,ST3GAL6,57.143
LIPG,LIPG,85.542
ME2,ME2,91.966
ME2,ME3,59.404
ME2,ME1,59.404
RBKS,RBKS,89.34
GALNT14,GALNT14,90.235
GDA,GDA,89.89
FECH,FECH,91.193
GALNT14,GALNT11,59.259
SEC11C,SEC11C,99.394
SEC11C,SEC11A,85.906
PIGN,PIGN,82.609
GALNT14,GALNT16,70.732
GALNT14,GALNT3,50.779
GALNT14,LOC100300881,51.905
GALNT14,GALNT2,59.13
XDH,AOX2,52.569
XDH,AOX1,50.411
ALDH1A1,ALDH1A1,91.434
XDH,XDH,89.58
ALDH1A1,ALDH1A2,73.684
ALDH1A1,ALDH1A3,70.968
ALDH1A1,ALDH2,67.331
ALDH1A1,ALDH1B1,60.931
SRD5A2,SRD5A2,87.73
ALDH1A1,ALDH1L1,50.182
SRD5A2,SRD5A1,53.374
NMRK1,NMRK1,85.5
KDSR,KDSR,93.168
CNDP1,CNDP1,82.231
CNDP1,CNDP2,55.131
CYP1B1,CYP1B1,81.985
PLPP2,PLPP2,90.558
NMRK1,NMRK2,57.923
RFK,RFK,94.872
GCNT1,GCNT1,85.246
GCNT1,GCNT3,58.038
PSAT1,PSAT1,92.722
PLPP2,PLPP1,58.333
PLPP2,PLPP3,52.632
SLC28A3,SLC28A3,85.288
GPX4,GPX4,93.571
SLC28A3,SLC28A2,51.494
SLC28A3,SLC28A1,60.355
NDUFS7,NDUFS7,88.78
GAMT,GAMT,89.474
UQCR11,UQCR11,87.719
SLC8A1,SLC8A3,78.595
DOT1L,DOT1L,84.039
AUH,AUH,83.784
AUH,ECHDC2,62.255
SLC8A1,SLC8A2,66.999
SPTLC1,SPTLC1,94.406
FBP2,FBP2,97.647
SLC8A1,SLC8A1,97.775
FBP2,FBP1,74.184
FBP1,FBP1,88.201
FBP1,FBP2,77.151
PIP5K1C,PIP5K1B,68.737
HSD17B3,HSD17B3,83.577
SLC35D2,SLC35D2,94.208
SLC35D2,SLC35D1,57.742
NANS,NANS,97.131
GALNT12,GALNT12,90.0
PIP5K1C,PIP5K1C,95.192
GALNT12,GALNT4,60.131
COX7A2L,COX7A2,56.897
COX7A2L,LOC132343906,53.448
COX7A2L,COX7A1,52.542
COX7A2L,COX7A2L,90.435
PIP5K1C,PIP5K1A,84.507
HAAO,HAAO,88.142
GALNT12,GALNT14,51.592
SLC3A1,SLC3A1,84.601
ATP6V1E2,ATP6V1E2,84.581
ATP6V1E2,ATP6V1E1,77.333
PIGF,PIGF,90.455
GALNT12,GALNT11,69.767
ALG2,ALG2,89.209
BAAT,LOC786798,59.198
BAAT,LOC530653,54.824
BAAT,ACOT6,51.163
ACYP2,ACYP2,97.619
ALDOB,ALDOB,92.329
ALDOB,ALDOA,70.411
ALDOB,ALDOC,70.411
ABCA1,ABCA1,94.651
ABCA1,ABCA4,50.593
ABCA1,ABCA7,54.61
DNMT1,DNMT1,89.301
DNMT1,KDM2B,61.111
UGCG,UGCG,99.747
DNMT1,KMT2A,51.064
DNMT1,FBXL19,62.069
ALAD,ALAD,94.361
ATP6V1G1,ATP6V1G1,96.639
ATP6V1G1,ATP6V1G2,63.793
ATP6V1G1,ATP6V1G3,53.782
NDUFA8,NDUFA8,90.551
ACYP2,ACYP1,59.375
PTGS1,NRXN1,51.429
B3GNT2,B3GNT2,88.693
MDH1,MDH1,95.522
PTGS1,PTGS1,93.265
PTGS1,PTGS2,68.632
SLC2A8,SLC2A8,91.781
UGP2,UGP2,98.972
SLC2A8,SLC2A6,53.846
SLC1A4,SLC1A4,93.93
SLC1A4,SLC1A5,65.409
SLC1A4,SLC1A3,54.015
SLC1A4,SLC1A2,55.97
SLC1A4,SLC1A6,57.241
SLC1A4,SLC1A1,61.481
SLC1A4,SLC1A7,52.903
GFPT1,GFPT1,99.669
GFPT1,GFPT2,79.009
FPGS,FPGS,85.688
ATP6V1B1,ATP6V1B1,96.491
ATP6V1B1,ATP6V1B2,90.562
PDE4A,PDE4A,95.896
AK1,AK1,96.923
AK1,AK5,57.068
NAGK,NAGK,96.503
MCEE,MCEE,81.564
SPR,SPR,81.538
PDE4A,PDE4D,81.201
PDE4A,PDE4B,83.029
DGUOK,DGUOK,88.095
ST6GALNAC6,ST6GALNAC6,94.237
ST6GALNAC6,ST6GALNAC5,52.049
DGUOK,TK2,51.351
DGUOK,DCK,50.829
DPM2,DPM2,96.774
PTGES2,PTGES2,89.011
SLC27A4,SLC27A4,88.82
SLC27A4,SLC27A1,62.998
MTHFD2,MTHFD2,94.779
MTHFD2,MTHFD2L,74.359
KYAT1,KYAT1,86.264
SLC4A5,SLC4A5,92.308
SLC4A5,SLC4A7,52.584
SLC4A5,SLC4A4,65.642
SLC4A5,SLC4A10,50.15
KYAT1,LOC104968656,85.816
SLC4A5,SLC4A8,50.792
KYAT1,KYAT3,59.292
DOLPP1,DOLPP1,95.816
MOGS,MOGS,89.918
CRAT,CRAT,93.208
PDE4A,PDE4C,73.479
MAN2B1,MAN2B1,79.98
PRDX2,PRDX2,91.237
HK2,HK2,95.425
PTGES,PTGES,85.065
ASS1,ASS1,96.126
PRDX2,PRDX1,76.5
PRDX2,PRDX4,69.588
PRDX2,PRDX3,65.445
HK2,GCK,56.787
UCK1,UCKL1,51.724
GCDH,GCDH,90.0
NDUFB7,NDUFB7,86.957
SLC1A6,SLC1A6,96.283
SLC1A6,SLC1A3,67.593
SLC1A6,SLC1A1,55.208
SLC1A6,SLC1A2,67.361
SLC1A6,SLC1A4,57.143
SLC1A6,SLC1A7,54.098
UCK1,UCK1,96.825
UCK1,UCK2,76.19
SLC1A6,SLC1A5,53.333
CYP4F8,LOC507016,78.077
CYP4F8,LOC100295883,76.402
CYP4F8,CYP4F47,76.731
CYP4F8,LOC534967,74.615
HK2,HK1,73.107
CYP4F8,LOC507615,75.991
CYP4F8,CYP4F22,61.826
HK2,HKDC1,68.284
GBGT1,GBGT1,83.491
HK2,HK3,57.272
SUCLG1,SUCLG1,94.578
MAT2A,MAT2A,99.242
GBGT1,A3GALT2,51.163
MAT2A,MAT1A,86.066
ABO,ABO,73.684
ABO,GBGT1,50.177
ST3GAL5,ST3GAL5,92.697
CYP4F3,CYP4A11,53.191
RPIA,RPIA,91.613
COX5B,COX5B,83.077
SLC2A6,SLC2A6,93.37
SLC2A6,SLC2A8,54.194
DBH,DBH,84.565
SARDH,SARDH,87.391
INPP5E,INPP5E,74.242
AGPAT2,AGPAT2,81.25
AGPAT2,AGPAT1,52.439
PTGDS,PTGDS,72.105
CYP4F3,LOC507016,86.253
ENTPD2,ENTPD8,55.952
INPP4A,INPP4A,96.596
ENTPD2,ENTPD2,86.412
UAP1L1,UAP1L1,84.938
CYP4F3,LOC100295883,85.714
CYP4F3,LOC507615,84.906
CYP4F3,CYP4F47,84.367
CYP4F3,LOC534967,83.019
CYP4F3,CYP4F22,70.081
CYP4F3,CYP4A59,50.802
CYP4F3,CYP4A22,50.267
UAP1L1,UAP1,64.675
CYP4F12,CYP4A11,53.191
MAN1B1,MAN1B1,74.326
MAN1B1,LOC100336900,71.064
SLC34A3,SLC34A3,77.612
SLC34A3,SLC34A2,54.147
SLC34A3,SLC34A1,54.699
CYP4F12,LOC507016,82.687
CYP4F12,LOC507615,81.493
CYP4F12,LOC100295883,81.791
CYP4F12,CYP4F47,80.896
CYP4F12,LOC534967,79.518
CYP4F12,CYP4F22,66.364
CYP4F12,CYP4B1,50.45
CYP4F2,LOC507016,83.462
EHMT1,SUV39H1,52.027
CYP4F2,LOC100295883,82.5
CYP4F2,CYP4F47,81.731
CYP4F2,LOC534967,78.846
CYP4F2,LOC507615,80.217
CYP4F2,CYP4F22,66.805
CYP4F2,CYP4A11,53.191
SLC27A1,SLC27A1,92.581
SLC27A1,SLC27A4,63.551
HS6ST2,HS6ST1,59.951
PGLS,PGLS,93.05
B3GNT3,B3GNT3,75.291
B3GNT3,B3GNT6,52.078
SLC5A5,SLC5A5,86.025
SLC5A5,SLC5A8,51.282
PIK3R2,PIK3R2,96.296
PIK3R2,PIK3R1,76.692
PIK3R2,PIK3R3,72.155
PDE4C,PDE4D,74.897
PDE4C,PDE4C,88.565
PDE4C,PDE4B,73.418
PDE4C,PDE4A,73.581
ISYNA1,ISYNA1,92.157
NDUFA13,NDUFA13,83.448
UQCRFS1,LOC101902754,85.401
UQCRFS1,UQCRFS1,82.909
SLC7A9,SLC7A7,52.5
SLC7A9,SLC7A9,92.09
SLC7A9,SLC7A10,57.303
SLC7A10,SLC7A10,94.69
SLC7A10,SLC7A8,80.0
GPI,GPI,91.727
GAPDHS,GAPDHS,84.352
GAPDHS,GAPDH,69.789
GAPDHS,LOC616200,70.476
ATP4A,ATP4A,98.028
ATP4A,ATP12A,64.575
ATP4A,ATP1A3,64.798
ATP4A,ATP1A1,63.672
ATP4A,ATP1A2,64.487
ATP4A,ATP1A4,63.462
COX6B1,COX6B1,85.057
COX6B1,COX6B2,64.865
PRODH2,PRODH,55.429
PRODH2,PRODH2,85.202
HCST,HCST,73.913
EHMT1,EHMT1,93.661
EHMT1,EHMT2,66.189
IDI2,IDI1,63.596
COX7A1,COX7A1,83.333
COX7A1,COX7A2,55.263
IDI1,IDI1,91.16
COX7A1,LOC132343906,52.0
COX7A1,LOC132346172,51.471
COX7A1,COX7A2L,50.877
ECH1,ECH1,82.731
BLVRB,BLVRB,91.304
ITPKC,ITPKC,80.932
ITPKC,ITPKB,63.423
ITPKC,ITPKA,57.447
CYP2A6,CYP2A13,88.958
PFKP,PFKL,69.321
CYP2A6,CYP2F1,53.846
CYP2A6,CYP2C90,52.979
CYP2A6,CYP2C88,51.277
CYP2A6,CYP2B6,54.427
CYP2A6,CYP2B39,51.724
CYP2A6,LOC527083,61.607
CYP2A13,CYP2A13,92.292
CYP2A13,CYP2F1,53.846
CYP2A13,CYP2C90,52.979
CYP2A13,CYP2C23,50.41
CYP2A13,CYP2C88,51.489
CYP2A13,CYP2C85,50.106
CYP2A13,CYP2B6,55.99
CYP2A13,CYP2B39,52.414
CYP2A13,LOC527083,65.179
PFKP,PFKP,90.686
PFKP,PFKM,72.801
CYP2F1,LOC527083,59.649
CYP2F1,CYP2F1,87.692
CYP2F1,CYP2C90,59.322
CYP2F1,CYP2C23,59.016
CYP2F1,CYP2C85,54.237
CYP2F1,CYP2C87,55.932
CYP2F1,CYP2C88,52.381
CYP2F1,CYP2C282,52.542
CYP2F1,CYP2E1,58.333
AKR1C1,LOC782922,77.469
AKR1C1,20ALPHA-HSD,77.469
AKR1C1,AKR1C4,78.395
AKR1C1,LOC132342107,76.235
CYP2F1,CYP2C281,54.237
CYP2F1,CYP2B6,56.667
AKR1C1,LOC782884,75.077
AKR1C1,LOC782061,75.0
AKR1C1,LOC527068,74.074
AKR1C1,LOC785762,73.457
AKR1C1,LOC132342089,73.457
AKR1C1,LOC112449293,77.049
CYP2F1,CYP2A13,53.986
CYP2F1,CYP2W1,55.882
AKR1C1,AKR1C3,77.027
AKR1C1,LOC132342088,75.658
AKR1C1,LOC538060,77.465
AKR1C1,LOC506594,76.408
BCKDHA,BCKDHA,93.379
B3GNT8,B3GNT8,83.92
AKR1C1,AKR1D1,58.462
ATP1A3,ATP4A,67.285
AKR1C1,LOC112441538,80.22
AKR1C1,LOC112449294,73.006
AKR1C1,LOC514083,74.815
ATP1A3,ATP1A4,84.971
AKR1C1,LOC112441521,60.465
AKR1C4,20ALPHA-HSD,76.852
AKR1C4,LOC132342107,76.543
MGAT4A,MGAT4A,96.734
AKR1C4,AKR1C4,76.543
AKR1C4,LOC782884,75.692
MGAT4A,MGAT4B,72.945
AKR1C4,LOC527068,76.235
AKR1C4,LOC782922,74.691
AKR1C4,LOC782061,73.148
AKR1C4,LOC785762,72.531
ATP1A3,ATP1A3,99.797
SLC9A4,SLC9A4,80.625
SLC9A4,SLC9A2,62.079
SLC9A4,LOC518911,57.283
AKR1C4,AKR1C3,76.094
AKR1C4,LOC132342089,74.098
AKR1C4,LOC112449293,73.077
SLC9A2,SLC9A2,91.39
AKR1C4,LOC538060,75.704
SLC9A2,LOC518911,70.652
SLC9A2,SLC9A1,54.032
AKR1C4,LOC132342088,78.521
SLC9A2,SLC9A4,59.722
AKR1C4,LOC506594,76.761
AKR1C4,AKR1D1,58.255
AKR1C4,LOC112441538,74.176
AKR1C4,LOC112449294,74.847
AKR1C4,LOC514083,74.815
AKR1C4,LOC112441521,65.116
PFKFB3,PFKFB3,96.907
CKM,CKMT2,66.205
CKM,CKMT1A,68.144
SLC1A5,SLC1A5,88.854
SLC1A5,SLC1A4,68.671
SLC1A5,SLC1A3,54.275
SLC1A5,SLC1A6,51.079
SLC8A2,SLC8A2,97.941
UXS1,UXS1,99.361
SLC8A2,SLC8A1,68.004
UXS1,LOC617301,84.252
PFKFB3,PFKFB4,76.336
SLC8A2,SLC8A3,80.667
SULT2A1,SULT2A1,70.28
SULT2A1,LOC514658,70.37
SULT2A1,SULT2B1,52.157
SLC5A7,SLC5A7,90.534
SULT2B1,LOC514658,50.391
SULT2B1,SULT2B1,75.221
SLC20A1,SLC20A1,95.007
SLC20A1,SLC20A2,59.111
HS6ST1,HS6ST1,96.602
HS6ST1,HS6ST2,63.446
HS6ST1,HS6ST3,67.606
SPHK2,SPHK1,58.025
SPHK2,SPHK2,91.924
MGAT5,CCDC126,57.143
MGAT5,MGAT5,96.739
FUT1,FUT1,78.273
FUT1,FUT2,65.87
FUT1,SEC1,62.59
BCAT2,LOC785193,60.068
BCAT2,BCAT2,84.746
BCAT2,BCAT1,62.537
GYS1,GYS2,79.266
GYS1,GYS1,97.425
ACMSD,ACMSD,92.179
SLC17A7,SLC17A7,98.93
SLC17A7,SLC17A6,79.444
LCT,LCT,84.183
LCT,GBA3,52.381
SLC17A7,SLC17A8,74.818
HNMT,HNMT,89.583
CPT1C,CPT1C,90.769
CPT1C,CPT1A,58.075
KYNU,KYNU,89.143
GALNT13,GALNT13,99.65
GALNT13,LOC100300881,94.286
GALNT13,GALNT4,50.644
GALNT13,GALNT12,52.018
GALNT13,GALNT6,51.22
CPT1C,CPT1B,56.507
ETFB,ETFB,97.26
HAS1,HAS2,53.971
GALNT13,GALNT1,88.472
GALNT13,GALNT11,59.028
HAS1,LOC132345335,54.152
HAS1,HAS3,55.935
HAS1,HAS1,95.181
HAS1,LOC515601,54.137
GPD2,GPD2,97.605
NDUFA3,NDUFA3,83.529
NDUFA3,LOC101906363,83.951
RDH13,RDH13,88.142
GALNT5,GALNT5,92.088
RDH13,RDH12,55.204
GALNT5,GALNT12,55.752
RDH13,RDH11,56.561
RDH13,RDH14,54.338
GALNT5,GALNT11,56.757
COX6B2,COX6B2,80.899
UPP2,UPP1,66.667
UPP2,UPP2,89.64
COX6B2,COX6B1,64.0
SLC27A5,SLC27A2,50.108
SLC27A5,SLC27A5,76.7
IDH3B,IDH3B,94.54
IDH3B,IDH3G,57.096
SLC4A10,SLC4A10,99.267
ITPA,ITPA,93.382
PANK2,PANK2,100.0
PANK2,PANK1,84.328
PANK2,PANK3,87.692
SLC23A2,SLC23A2,98.151
SLC23A2,SLC23A1,69.358
SLC23A2,LOC514257,52.616
CDS2,CDS1,71.024
CDS2,CDS2,96.024
PFKFB3,PFKFB1,76.692
PFKFB3,PFKFB2,76.336
CRLS1,CRLS1,100.0
NUDT5,NUDT5,92.405
HAO1,HAO1,88.542
PHYH,PHYH,84.937
PLCB1,PLCB1,98.335
PLCB1,PLCB2,56.406
SEPHS1,SEPHS2,86.885
PLCB1,PLCB3,54.742
SEPHS1,SEPHS1,100.0
PLCB4,PLCG1,51.685
PLCB4,PLCG2,50.556
SUV39H2,CBX1,60.0
SUV39H2,CBX3,56.25
SUV39H2,LOC101905232,60.0
SUV39H2,LOC101904753,60.0
SUV39H2,CBX4,56.25
SUV39H2,CBX8,53.333
SUV39H2,SUV39H2,97.727
SUV39H2,SUV39H1,68.571
SUV39H2,CBX5,56.667
OLAH,OLAH,51.625
PLCB4,PLCB1,59.686
PLCB4,PLCD3,51.531
PLCB4,PLCB4,98.569
PLCB4,PLCB2,58.427
SLC24A3,SLC24A3,91.707
SLC24A3,SLC24A4,61.765
SLC24A3,SLC24A5,50.276
TRDMT1,TRDMT1,85.714
ACSS1,ACSS1,89.323
ACSS1,ACSS2,53.695
ENTPD6,ENTPD5,53.826
ENTPD6,ENTPD6,83.161
PIP4K2A,PIP4K2B,78.75
PIP4K2A,PIP4K2C,65.75
PIP4K2A,PIP4K2A,99.425
THNSL1,THNSL1,90.848
GAD2,GAD2,96.075
GAD2,GAD1,66.667
GAD2,LOC529488,62.525
GAD2,GADL1,50.913
GAD2,CSAD,56.989
CSGALNACT2,CSGALNACT2,96.317
CSGALNACT2,CSGALNACT1,57.143
PYGB,PYGB,95.254
PYGB,PYGM,84.915
PYGB,PYGL,83.22
COX4I2,COX4I2,81.757
ALOX5,ALOX5,92.453
SLC18A3,SLC18A3,86.492
CHAT,CHAT,90.205
SGMS1,SGMS1,95.894
SGMS1,SGMS2,62.079
DNMT3B,DNMT3B,91.914
IPMK,IPMK,91.847
DNMT3B,DNMT3A,61.515
SLC25A16,SLC25A16,96.599
SLC4A10,SLC4A7,78.995
SLC4A10,SLC4A8,82.877
HKDC1,HKDC1,93.664
SLC4A10,SLC4A4,60.113
SLC4A10,SLC4A5,54.699
HKDC1,HK1,73.786
HKDC1,HK2,70.637
HKDC1,HK3,58.333
HKDC1,GCK,54.513
GALNT3,GALNT3,96.474
GALNT3,GALNT6,65.816
GALNT3,GALNT4,53.793
GALNT3,GALNT13,55.6
GALNT3,GALNT1,50.172
GALNT3,GALNT12,70.0
GALNT3,LOC100300881,54.11
G6PC2,G6PC2,94.545
DNMT3B,NSD3,53.846
HK1,GCK,54.362
G6PC2,G6PC1,69.492
HK1,HK1,95.207
ABCB11,ABCB11,88.817
AHCY,AHCYL2,51.232
ABCB11,ABCB4,55.118
AHCY,AHCY,96.79
ABCB11,ABCB1,53.15
AHCY,AHCYL1,51.724
PIGU,PIGU,96.33
ABCB11,ABCB10,54.878
ABCB11,ABCB8,54.065
ABCB11,LOC101902435,64.141
HK1,HK2,74.321
HK1,HKDC1,72.172
ABCB11,LOC100296627,52.033
HK1,HK3,53.898
PPA1,PPA1,95.172
PPA1,PPA2,65.672
GAD1,CSAD,56.452
GAD1,GAD1,99.061
GAD1,LOC529488,76.724
ACSS2,ACSS2,94.876
GAD1,GAD2,74.933
SGPL1,SGPL1,91.207
GAD1,GADL1,55.914
PCBD1,PCBD1,100.0
PCBD1,PCBD2,87.5
SLC29A3,SLC29A3,80.233
CYBRD1,CYBRD1,86.154
CHST3,CHST3,87.164
GSS,GSS,91.158
SLC25A12,SLC25A12,97.436
SLC25A12,SLC25A13,80.071
P4HA1,P4HA1,97.757
P4HA1,P4HA2,63.415
AGPS,AGPS,98.067
PDE11A,PDE11A,97.785
NDST2,NDST4,67.442
NDST2,NDST3,64.637
NDST2,NDST2,97.616
NDST2,NDST1,72.868
RPN2,RPN2,95.902
SLC32A1,SLC32A1,98.482
PLCG1,PLCB4,52.809
PLCG1,PLCG1,98.077
PLCG1,PLCB2,51.149
PLCG1,PLCG2,51.914
ADK,ADK,95.495
PDE1A,PDE1A,96.167
ADA,ADA,89.011
PIGT,PIGT,94.099
ACOT8,ACOT8,85.047
CTSA,CTSA,89.76
COMTD1,COMTD1,88.213
MAT1A,MAT1A,95.902
MAT1A,MAT2A,85.101
SLC12A5,SLC12A7,71.636
GLUD1,GLUD1,98.293
PAPSS2,PAPSS2,93.388
SLC12A5,SLC12A5,99.015
PAPSS2,PAPSS1,78.702
SLC12A5,SLC12A6,70.636
PTEN,PTEN,99.752
LIPF,LIPF,73.684
LIPF,LIPK,61.772
LIPF,LIPJ,59.391
LIPF,LIPA,56.281
SLC12A5,SLC12A4,69.259
PDE1A,PDE1B,69.634
LIPF,LIPN,51.145
PDE1A,PDE1C,78.611
SLC13A3,SLC13A3,88.889
LIPF,LIPM,53.149
CH25H,CH25H,84.644
SLC2A10,SLC2A10,82.09
HIBCH,HIBCH,89.593
PTGIS,PTGIS,87.625
B4GALT5,B4GALT5,96.401
PANK1,PANK1,98.663
B4GALT5,B4GALT6,81.281
INPP1,INPP1,93.103
PANK1,PANK2,83.008
PANK1,PANK3,81.793
GLS,GLS2,76.697
PDE6C,PDE6C,92.561
PDE6C,PDE6A,68.593
PDE6C,PDE6B,70.598
SLC9A8,SLC9A7,50.794
PLCE1,PLCE1,91.855
CYP2C18,CYP2C90,80.085
CYP2C18,CYP2C85,78.105
CYP2C18,CYP2C88,79.237
CYP2C18,CYP2C89,67.617
CYP2C18,CYP2C281,68.432
GLS,GLS,100.0
CYP2C18,CYP2C282,66.463
CYP2C18,CYP2C23,56.468
CYP2C18,CYP2E1,56.996
SLC9A8,SLC9A8,98.485
SLC9A8,SLC9A9,50.345
CYP2C18,CYP2A13,50.418
PGAP1,PGAP1,95.111
CYP2C18,CYP2B6,51.571
CYP2C18,LOC527083,51.786
DPM1,DPM1,92.337
PLCL1,PLCL1,96.894
CYP24A1,CYP24A1,87.681
PCK1,PCK1,88.73
PCK1,PCK2,75.205
SLCO4A1,SLCO4A1,77.859
SOD1,SOD1,81.935
SOD1,CCS,53.425
CYP2C18,CYP2C87,83.81
PLCL1,PLCL2,66.567
AOX1,AOX2,63.261
CYP2C18,CYP2F1,56.316
AOX1,XDH,50.263
CYP2C19,CYP2C90,78.602
CYP2C19,CYP2C88,78.39
CYP2C19,CYP2C85,77.574
AOX1,AOX1,86.844
CYP2C19,CYP2C89,68.228
AOX1,AOX4,59.791
CYP2C19,CYP2C282,67.48
CYP2C19,CYP2C87,79.112
CYP2C19,CYP2C281,68.024
CYP2C19,CYP2C23,58.848
CYP2C19,CYP2E1,57.32
NDUFB3,NDUFB3,82.828
NDUFB3,LOC101907294,80.808
NDUFS1,NDUFS1,97.39
CYP2C19,CYP2F1,53.433
CYP2C19,CYP2A13,52.092
CYP2C19,CYP2B6,52.356
CYP2C19,LOC527083,54.464
MDH1B,MDH1B,80.0
CYP2C9,CYP2C90,77.966
CYP2C9,CYP2C85,78.526
CYP2C9,CYP2C88,78.814
CYP2C9,CYP2C87,78.032
CYP2C9,CYP2C89,67.821
CYP2C9,CYP2C282,68.089
CYP2C9,CYP2C281,68.635
SYNJ1,SYNJ1,94.127
CYP2C9,CYP2C23,57.582
CYP2C9,CYP2E1,56.907
CYP2C9,CYP2F1,52.146
CYP2C9,CYP2A13,50.209
CYP2C9,CYP2B6,51.047
CYP2C9,LOC527083,54.464
IDH1,IDH1,95.663
IDH1,IDH2,70.223
PIKFYVE,RBSN,51.351
CYP2C8,CYP2B39,51.981
CYP2C8,LOC527083,60.714
CYP2C8,CYP2C90,79.003
CYP2C8,CYP2C85,77.69
CYP2C8,CYP2C88,75.781
CYP2C8,CYP2C87,76.24
CYP2C8,CYP2C281,67.192
CYP2C8,CYP2C282,67.539
CYP2C8,CYP2C89,66.929
CYP2C8,CYP2C23,58.575
CYP2C8,CYP2E1,57.52
CYP2C8,CYP2B6,52.507
CYP2C8,CYP2F1,52.53
CYP2C8,CYP2A13,52.163
ALDH18A1,ALDH18A1,98.832
ENTPD1,ENTPD2,52.814
ENTPD1,ENTPD1,76.866
ENTPD1,ENTPD8,58.14
PGAM1,PGAM1,99.216
PGAM1,LOC112447087,51.953
PGAM1,BPGM,51.953
PGAM1,PGAM2,84.058
PI4K2A,PI4K2A,97.917
PI4K2A,PI4K2B,69.171
SYNJ1,SYNJ2,55.1
GOT1,GOT1,91.787
SCD,SCD,86.111
SCD,SCD5,64.583
NDUFB8,NDUFB8,85.256
CYP17A1,LOC132342070,71.063
CYP17A1,CYP17A1,71.063
CYP17A1,LOC112444495,71.063
PIKFYVE,PIKFYVE,100.0
NT5C2,NT5C2,99.81
NT5C2,NT5DC4,89.474
RPE,RPE,98.404
GPAM,GPAM,95.09
ACSL5,ACSL5,80.848
ACSL5,ACSL6,62.11
ACSL5,ACSL1,61.347
CPS1,CPS1,95.06
CPS1,CAD,51.606
ATIC,ATIC,93.592
PNLIP,PNLIP,83.736
PNLIP,PNLIPRP2,61.702
PNLIP,PNLIPRP1,62.047
PNLIPRP1,PNLIPRP1,77.778
PNLIPRP1,PNLIP,68.928
PLCD4,PLCB2,52.747
PNLIPRP1,PNLIPRP2,61.915
PLCD4,PLCD4,86.121
PLCD4,PLCD3,56.767
PNLIPRP1,PNLIPRP3,56.087
PNLIPRP1,PLA1A,54.054
SLC18A2,SLC18A2,91.313
SLC18A2,SLC18A1,61.69
PRDX3,PRDX3,88.76
PRDX3,PRDX1,64.211
PLCD4,PLCD1,56.296
PRDX3,PRDX4,69.167
GART,GART,89.838
PRDX3,PRDX2,69.167
SLC5A3,SLC5A3,96.523
SLC5A3,SLC5A2,51.241
ACADSB,ACADSB,84.409
SLC5A3,SLC5A9,53.559
SLC5A3,SLC5A10,51.838
CBR1,CBR1,88.849
CBR1,LOC112441473,86.331
OAT,OAT,94.702
CBR1,MGC127133,80.935
CBR1,CBR3,78.621
HLCS,HLCS,77.107
PLCD4,PLCZ1,52.358
CYP27A1,CYP27A1,76.866
GMPPA,GMPPA,96.437
UROS,UROS,87.218
CHPF,CHPF,95.619
PIGP,PIGP,94.531
INPP5A,INPP5A,95.695
B3GALT5,B3GALT5,67.638
CHPF,CHPF2,58.551
ECHS1,ECHS1,85.911
CYP2E1,CYP2E1,78.093
CYP2E1,CYP2C90,59.574
CYP2E1,CYP2C88,59.787
CYP2E1,CYP2C89,56.495
CYP2E1,CYP2C282,56.173
CYP2E1,CYP2C281,56.033
CYP2E1,CYP2C23,53.579
CYP2E1,CYP2C85,57.931
PDE9A,PDE9A,100.0
CYP2E1,CYP2F1,51.082
CYP2E1,CYP2C87,58.793
CYP2E1,CYP2B6,50.653
CYP2E1,LOC527083,58.559
NDUFV3,NDUFV3,95.833
SLC4A3,SLC4A3,97.035
SLC4A3,SLC4A2,68.358
SLC4A3,SLC4A1,57.105
MOGAT1,MOGAT1,81.548
PTDSS2,PTDSS2,97.546
ACSL3,ACSL3,95.284
TALDO1,TALDO1,94.172
ACSL3,ACSL4,67.761
SLC19A3,SLC19A3,79.919
SLC19A3,SLC19A2,51.266
CBS,CBS,91.262
B3GNT7,B3GNT7,84.328
PDE6D,PDE6D,99.338
SLC25A22,SLC25A22,94.139
TH,TH,83.735
ALPP,LOC100125266,75.403
ALPP,ALPI,75.202
ALPP,LOC528262,77.207
ALPP,LOC516378,77.618
TH,PAH,53.226
TH,TPH1,50.472
ALPP,ALPL,59.775
ALPI,LOC100125266,79.845
ALPI,ALPI,79.264
ALPI,LOC528262,76.321
ALPI,LOC516378,77.647
TH,TPH2,51.574
RRM1,RRM1,97.856
ALPI,ALPL,61.124
NEU2,NEU2,72.703
INPP5D,INPP5D,92.533
AMPD3,AMPD3,96.716
AMPD3,AMPD1,68.272
AMPD3,AMPD2,57.674
AGPAT3,AGPAT3,93.968
AGPAT3,AGPAT4,62.776
PDE3B,PDE3B,85.217
DGKD,LOC132344348,67.742
DGKD,DGKG,52.525
PFKL,PFKM,70.434
PIK3C2A,PIK3C2A,95.716
PFKL,PFKP,69.181
DGKD,SHANK2,50.769
PIK3C2A,PIK3C2B,52.177
PFKL,PFKL,94.29
TPH1,TPH1,96.404
TPH1,TPH2,71.205
TPH1,PAH,56.573
LDHA,LDHA,93.694
LDHA,LDHB,77.155
LDHA,LDHC,76.316
LDHA,LOC107133235,63.277
LDHA,LDHAL6B,73.273
SLC19A1,SLC19A1,77.16
LDHC,LDHC,87.558
LDHC,LDHA,77.419
LDHC,LDHB,70.561
LDHC,LDHAL6B,68.664
LDHC,LOC107133235,61.667
LSS,LSS,86.371
SLC25A18,SLC25A22,66.032
LDHAL6A,LDHA,73.574
LDHAL6A,LDHC,68.468
LDHAL6A,LDHB,65.964
ATP6V1E1,ATP6V1E1,97.797
ATP6V1E1,ATP6V1E2,76.0
LDHAL6A,LDHAL6B,82.583
LDHAL6A,LOC107133235,51.977
PRODH,PRODH,84.584
UGT1A8,UGT1A1,64.008
UGT1A8,UGT1A6,61.759
UGT1A8,LOC540544,54.938
UGT1A8,UGT2A1,58.909
UGT1A8,LOC100138004,52.997
UGT1A10,UGT1A1,63.23
UGT1A10,UGT1A6,61.407
UGT1A10,LOC540544,54.938
UGT1A10,UGT2A1,58.909
UGT1A10,LOC100138004,54.915
SLC25A1,SLC25A1,96.743
TXNRD2,TXNRD2,84.362
SCLY,SCLY,83.289
NDUFA10,NDUFA10,77.528
TXNRD2,TXNRD3,55.872
TXNRD2,TXNRD1,57.651
COMT,COMT,77.928
PI4KA,PI4KA,97.985
AGXT,AGXT,80.916
DTYMK,DTYMK,92.5
NEU4,NEU4,73.415
ATP2B2,ATP2B2,98.999
UEVLD,TSG101,60.0
UEVLD,LOC786363,60.0
UEVLD,UEVLD,98.276
SLC2A11,SLC2A11,85.116
UEVLD,LDHB,51.786
SLC6A5,SLC6A9,50.411
SLC6A5,SLC6A14,52.676
SLC6A5,SLC6A5,99.291
SLC6A5,SLC6A7,50.962
SLC17A6,SLC17A6,98.285
SLC17A6,SLC17A7,82.617
ATP2B2,ATP2B1,81.373
SLC17A6,SLC17A8,76.825
ATP2B2,ATP2B3,84.65
SLC5A12,SLC5A12,93.506
SLC5A12,SLC5A8,63.708
SLC5A12,SLC5A5,53.25
BBOX1,BBOX1,87.113
CAT,CAT,91.477
PDHX,PDHX,92.547
SLC1A2,SLC1A2,99.052
SLC1A2,SLC1A3,67.516
SLC1A2,SLC1A6,67.361
SLC1A2,SLC1A1,67.347
SLC1A2,SLC1A7,65.693
SLC1A2,SLC1A5,50.658
ATP2B2,ATP2B4,79.504
EXT2,EXT2,94.715
GGT5,GGT5,80.37
EXT2,EXTL3,51.88
CHST1,CHST1,97.99
UPB1,UPB1,87.582
SLC35C1,SLC35C1,90.503
GGT1,GGT1,83.509
UQCR10,UQCR10,87.302
MTMR3,MTMR3,89.277
DGKZ,DGKI,63.43
MTMR3,MTMR4,67.231
DGKZ,DGKZ,98.113
GAL3ST1,GAL3ST1,89.81
SLC6A11,SLC6A11,94.37
GAL3ST1,LOC101906447,89.336
INPP5J,INPP5J,93.345
SLC6A11,SLC6A6,66.087
SLC6A11,SLC6A8,55.882
DGKZ,DGKH,52.555
SLC6A11,LOC785907,68.182
SLC6A11,SLC6A13,73.333
PLA2G3,PLA2G3,71.622
SLC6A11,SLC6A1,55.412
ACP2,ACP3,52.991
SLC6A11,SLC6A12,75.446
PISD,PISD,94.708
ACP2,ACP2,94.093
NDUFS3,NDUFS3,94.606
SLC6A1,SLC6A1,97.862
SLC6A1,SLC6A11,55.611
SLC6A1,SLC6A6,53.015
SLC6A1,SLC6A8,54.061
SLC43A1,SLC43A1,79.744
SLC6A1,SLC6A13,57.273
SLC43A1,SLC43A2,56.964
SLC5A1,SLC5A1,88.759
SLC6A1,SLC6A12,57.919
SLC5A1,SLC5A4,77.465
SLC6A6,SLC6A6,90.499
SLC5A1,SLC5A2,65.33
SLC6A6,SLC6A11,64.312
FADS1,FADS1,94.183
SLC5A1,SLC5A9,65.012
SLC5A1,SLC5A11,60.047
FADS1,FADS2,63.989
SLC5A1,SLC5A3,57.494
SLC5A1,LOC531152,60.377
SLC5A1,SLC5A10,60.0
SLC6A6,SLC6A1,52.381
FADS1,FADS3,56.51
SLC6A6,LOC785907,63.636
FADS1,FADS2B,53.221
FADS2,FADS2,91.389
HMOX1,HMOX1,83.793
SLC6A6,SLC6A13,68.259
HMOX1,HMOX2,51.822
FADS2,FADS1,62.881
TST,TST,89.597
TST,MPST,62.5
SLC6A6,SLC6A7,50.347
FADS2,FADS3,64.829
MPST,MPST,89.262
MPST,TST,58.644
SLC6A6,SLC6A2,53.254
SLC6A6,SLC6A5,51.724
SLC6A6,SLC6A14,51.493
FADS2,FADS2B,59.294
PDXP,PDXP,94.276
FADS2,LOC615051,53.376
ASRGL1,ASRGL1,84.236
SLC6A6,SLC6A8,61.026
B3GAT3,B3GAT3,95.536
B3GAT3,B3GAT2,53.878
SLC6A6,SLC6A12,69.264
BTD,VNN2,52.239
B3GAT3,B3GAT1,57.143
BTD,VNN1,53.684
BTD,BTD,78.327
SLC3A2,SLC3A2,78.839
COX8A,LOC783202,74.286
COX8A,COX8A,72.857
GCAT,GCAT,93.75
SLC16A8,SLC16A8,86.848
GALNT15,GALNT15,75.74
SLC16A8,SLC16A3,57.749
PLCB3,PLCB3,97.059
PLCB3,PLCB2,53.259
PLA2G6,PLA2G6,92.522
PLCB3,PLCB1,60.294
PLCB3,PLCD4,52.809
PLCB3,PLCG1,52.688
MGAT3,MGAT3,93.645
PYGM,PYGM,96.386
PYGM,PYGL,83.133
PYGM,PYGB,81.623
ADSL,ADSL,96.541
TM7SF2,TM7SF2,90.692
ACO2,ACO2,96.791
TM7SF2,LBR,60.048
B4GAT1,B4GAT1,97.596
SLC29A2,SLC29A2,89.738
SLC4A7,SLC4A4,60.405
PC,PC,97.371
PMM1,PMM2,72.0
NDUFV1,NDUFV1,97.408
PMM1,LOC782057,68.992
ALDH3B2,LOC508879,81.288
ALDH3B2,ALDH3A2,52.561
ALDH3B2,ALDH3A1,52.21
PMM1,PMM1,96.622
ALDH3B2,ALDH3B1,81.788
NAGA,NAGA,87.013
NAGA,GLA,55.963
NDUFA6,NDUFA6,90.698
CYP2D6,CYP2R1,53.448
CYP2D6,LOC527083,54.783
CYP2D6,CYP2D14,78.992
CYP2D6,CYP2D43,78.782
SLC4A7,SLC4A7,100.0
A4GALT,A4GALT,86.441
ALDH3B1,ALDH1A3,51.163
MCAT,MCAT,82.166
CERK,CERK,85.502
ALDH3B1,ALDH3B1,86.813
ALG12,ALG12,79.796
ALDH3B1,LOC508879,83.81
ALDH3B1,ALDH3A2,58.431
ALDH3B1,ALDH3A1,55.686
NDUFS8,NDUFS8,92.019
MIOX,MIOX,88.75
CPT1B,CPT1A,65.0
TCIRG1,TCIRG1,91.176
CPT1B,CPT1B,88.725
CPT1B,CPT1C,54.192
TCIRG1,ATP6V0A2,56.182
TCIRG1,ATP6V0A4,55.72
TCIRG1,ATP6V0A1,55.433
CHKB,CHKB,88.679
CHKB,CHKA,63.324
ARSA,ARSA,91.691
SLC25A6,LOC132344463,97.659
SLC25A6,SLC25A6,97.659
SLC25A6,SLC25A5,92.23
SLC25A6,SLC25A4,89.298
SLC25A6,LOC787122,86.8
SLC25A6,SLC25A31,72.449
ASMT,ASMT,75.0
GYG2,GYG1,65.9
CHKA,CHKB,62.416
CHKA,CHKA,91.611
SLC4A7,SLC4A10,80.563
SLC4A7,SLC4A8,79.427
GYG2,GYG2,79.032
CPT1A,CPT1A,90.067
STS,STS,78.053
STS,LOC516494,51.342
CPT1A,CPT1B,63.539
STS,ARSL,52.057
CPT1A,CPT1C,56.677
STS,ARSH,51.993
SLC4A7,SLC4A5,53.292
PNPLA4,PNPLA4,84.472
GLB1,GLB1,85.938
DHCR7,TM7SF2,53.333
DHCR7,DHCR7,89.713
NADSYN1,NADSYN1,90.382
PRPS2,PRPS2,98.746
GLB1,GLB1L,60.385
PLCD1,PLCD1,92.206
PRPS2,PRPS1L1,86.792
PRPS2,PRPS1,96.429
PLCD1,PLCD3,50.866
FOLR3,FOLR2,79.63
FOLR3,FOLR3,76.763
FOLR3,FOLR1,72.458
FOLR3,IZUMO1R,59.155
FOLR1,FOLR1,75.732
ACAA1,ACAA1,94.643
FOLR1,FOLR3,81.86
PIGA,PIGA,96.875
FOLR1,FOLR2,74.272
FOLR1,IZUMO1R,59.903
CA5B,CA5B,90.566
CA5B,CA5A,64.894
CA5B,CA7,54.065
CA5B,CA13,55.172
INPPL1,INPPL1,97.153
INPPL1,INPP5D,51.176
CA5B,CA2,55.274
CA5B,CA1,51.562
PDE2A,PDE2A,100.0
CA5B,LOC100847874,51.172
CA5B,LOC784254,51.172
CTPS2,CTPS2,95.612
CTPS2,CTPS1,78.753
UCP2,UCP1,63.983
XYLB,XYLB,91.837
PDHA1,PDHA1,97.954
PDHA1,PDHA2,88.01
SMS,SMS,97.82
SMS,LOC534520,93.583
UCP2,UCP3,73.913
UCP2,UCP2,95.484
ENTPD3,ENTPD3,82.857
CYP8B1,CYP8B1,81.818
NME6,NME6,97.71
UCP3,UCP3,87.22
UCP3,UCP2,72.611
UCP3,UCP1,60.855
SAT1,SAT1,97.093
SAT1,SATL1,61.047
PCYT1B,PCYT1B,97.196
SPCS2,SPCS2,99.242
SLCO2B1,SLCO2B1,81.395
MOGAT2,LOC785379,68.168
MOGAT2,LOC614494,66.567
PCYT1B,PCYT1A,78.846
PFKFB4,PFKFB4,98.925
MOGAT2,MOGAT1,63.184
MOGAT2,LOC407226,82.222
MOGAT2,LOC617698,62.286
MOGAT2,DGAT2,51.244
MOGAT2,LOC509658,82.857
DGAT2,AWAT1,53.741
DGAT2,DGAT2,96.848
DGAT2,DGAT2L6,52.508
DGAT2,LOC618076,52.56
DGAT2,MOGAT1,54.878
B3GNT6,B3GNT6,80.779
B3GNT6,B3GNT3,54.762
GK,GK,96.762
NDUFC2,NDUFC2,74.167
GK,LOC538702,94.444
GK,GK2,85.605
OTC,OTC,95.211
MAOA,MAOB,72.925
MAOA,MAOA,88.354
MAOB,MAOB,91.363
MAOB,MAOA,72.568
CHST7,CHST7,91.992
ALG8,ALG8,93.802
SLC9A7,SLC9A7,95.461
SLC9A7,SLC9A6,71.635
SLC9A7,SLC9A9,61.801
SLC9A7,LOC112445029,67.313
SLC38A5,SLC38A3,63.953
PFKFB4,PFKFB1,82.671
PFKFB4,PFKFB3,76.718
PFKFB4,PFKFB2,74.903
SLC38A5,SLC38A2,52.83
SLC38A5,SLC38A6,63.291
SLC38A5,SLC38A4,50.676
SLC38A5,SLC38A5,92.647
ME3,ME3,97.436
EBP,EBP,85.281
SUV39H1,SUV39H2,58.111
SUV39H1,EHMT2,52.349
SUV39H1,SUV39H1,99.516
ME3,ME1,76.834
ME3,ME2,61.887
TYR,TYR,88.132
GUCY1A2,GUCY1A2,95.57
UQCRC1,UQCRC1,89.397
UQCRC1,PMPCB,58.166
SLC35A2,SLC35A2,99.107
SLC26A6,SLC26A6,85.366
ACAT1,ACAT1,92.012
SLC26A6,SLC26A2,53.571
SLC26A6,SLC26A10,65.714
SLC35A2,SLC35A3,55.906
DLAT,DLAT,95.286
HSD17B10,HSD17B10,91.985
PFKFB1,PFKFB1,97.744
IP6K2,IP6K2,97.059
IP6K2,IP6K1,64.815
IP6K2,IP6K3,65.455
PFKFB1,PFKFB4,83.394
SDHD,SDHD,90.385
SLC25A20,SLC25A20,93.709
PTS,PTS,84.932
PTS,LOC101905029,82.576
NNMT,NNMT,53.333
NNMT,INMT,50.965
NNMT,LOC782610,65.823
IMPDH2,IMPDH2,98.058
PAFAH1B2,PAFAH1B2,100.0
IMPDH2,IMPDH1,84.272
PAFAH1B2,PAFAH1B3,74.419
PFKFB1,PFKFB3,73.159
TREH,TREH,83.9
SLC37A4,SLC37A4,95.349
GPX1,GPX2,68.421
PFKFB1,PFKFB2,74.279
GPX1,GPX1,91.549
HMBS,HMBS,93.333
AMT,AMT,89.969
GMPPB,GMPPB,96.122
IP6K1,IP6K1,96.154
IP6K1,IP6K2,53.285
IP6K1,IP6K3,53.506
SLC38A3,SLC38A3,89.901
SLC38A3,SLC38A5,62.914
SLC38A3,SLC38A2,55.484
SLC38A3,SLC38A4,56.164
SLC38A3,SLC38A1,50.951
DPAGT1,DPAGT1,95.041
SLC38A3,SLC38A6,61.111
ACY1,ACY1,88.264
SC5D,SC5D,84.667
ST3GAL4,ST6GAL2,51.02
ST3GAL4,ST3GAL4,89.329
ALAS1,ALAS1,89.815
ALAS1,ALAS2,57.528
ACAD8,ACAD8,87.241
B3GAT1,B3GAT2,59.363
SPCS1,SPCS1,96.117
SPCS1,LOC781197,93.204
TKT,TKT,94.391
TKT,TKTL2,67.752
TKT,TKTL1,62.56
B3GAT1,B3GAT1,95.522
B3GAT1,B3GAT3,56.226
CHDH,CHDH,89.43
SLC6A12,SLC6A11,70.492
PDHB,PDHB,93.889
SLC6A12,SLC6A1,50.707
ACOX2,ACOX2,82.877
ALAS2,ALAS1,73.227
SLC6A12,LOC785907,51.515
ALAS2,ALAS2,92.687
SLC7A3,SLC7A3,87.581
SLC6A12,SLC6A12,90.373
SLC7A3,SLC7A1,61.138
SLC6A12,SLC6A13,78.193
SLC7A3,MGC138914,64.887
SLC7A3,LOC527385,65.008
SLC6A12,SLC6A6,65.803
SLC6A12,SLC6A8,58.915
SLC7A3,LOC100300449,56.189
SLC7A3,LOC510904,59.339
SLC7A3,MGC139164,60.067
SLC7A3,SLC7A2,60.393
SLC7A3,LOC514552,58.71
SLC7A3,LOC112442239,59.516
SLC7A3,LOC528332,59.74
SLC7A3,LOC528568,59.187
SLC7A3,LOC112442378,57.705
SLC7A3,LOC617141,58.609
SLC7A3,LOC618873,56.743
ST8SIA5,ST6GALNAC2,53.333
SLC7A3,LOC615600,57.309
SLC7A3,LOC104968422,61.895
SLC7A3,MGC157082,61.895
SLC7A3,LOC525820,62.525
SLC7A3,LOC112442412,54.121
SLC7A3,LOC513941,54.717
SLC7A3,LOC101904722,54.726
SLC7A3,LOC515600,54.839
SLC7A3,LOC112442379,54.717
SLC25A26,SLC25A26,90.164
SLC7A3,LOC789418,62.138
SLC6A13,SLC6A11,80.435
SLC7A3,LOC532048,57.935
SLC7A3,LOC504861,80.12
SLC7A3,LOC132342876,74.194
SUCLG2,SUCLA2,54.768
SLC7A3,LOC101904151,57.857
SLC16A2,SLC16A2,92.037
SUCLG2,SUCLG2,96.364
SLC16A2,SLC16A10,55.094
SLC6A13,SLC6A1,53.976
COX7B,COX7B,79.012
GBE1,GBE1,89.943
COX7B,COX7B2,58.025
CPOX,CPOX,85.651
SLC6A13,SLC6A5,52.174
SLC6A13,SLC6A2,56.818
SLC6A13,SLC6A3,62.162
SLC6A13,LOC515755,65.116
SLC6A13,SLC6A14,69.565
SLC6A13,SLC6A17,52.273
GLA,GLA,82.515
GLA,NAGA,56.856
PRPS1,PRPS1,100.0
ST3GAL6,ST3GAL6,89.593
PRPS1,PRPS2,98.261
PRPS1,PRPS1L1,92.174
PLCXD2,PLCXD2,91.52
PLCXD2,PLCXD3,52.83
ATP6V1A,ATP6V1A,98.706
NDUFB4,NDUFB4,73.846
GUCY2F,GUCY2F,90.528
GUCY2F,GUCY2D,51.543
ACSL4,ACSL4,96.274
ACSL4,ACSL3,68.358
SLC6A14,SLC6A14,87.416
HGD,HGD,98.718
SLC6A14,SLC6A5,53.068
SLC25A5,SLC25A5,97.993
SLC6A13,SLC6A6,65.764
SLC25A5,LOC132344463,92.905
SLC15A2,LOC516421,83.973
SLC15A2,SLC15A2,90.179
SLC25A5,SLC25A6,92.905
SLC25A5,SLC25A4,89.298
SLC25A5,LOC787122,86.0
SLC25A5,SLC25A31,72.852
NDUFA1,NDUFA1,80.282
NDUFA1,LOC101904690,74.648
ATP1B4,ATP1B4,91.341
ADCY5,ADCY5,98.303
ADCY5,ADCY6,74.915
SLC6A13,SLC6A13,97.328
GLUD2,GLUD1,92.705
SLC6A13,SLC6A12,81.757
OCRL,OCRL,94.346
SLC6A13,SLC6A9,61.702
SLC6A13,SLC6A8,64.865
SLC6A13,SLC6A4,52.0
SLC6A13,SLC6A15,62.162
OCRL,INPP5B,55.769
SLC6A13,SLC6A7,55.102
SLC6A13,LOC785907,73.684
NDUFA9,NDUFA9,79.467
GALNT8,GALNT8,73.734
SLC25A14,SLC25A14,98.333
GALNT8,GALNT18,52.301
GALNT8,GALNT9,50.203
GAPDH,GAPDH,94.895
GAPDH,GAPDHS,68.882
GAPDH,LOC616200,93.396
SLC25A14,SLC25A30,82.524
TPI1,TPI1,98.81
ENO2,ENO2,98.621
ENO2,ENO1,84.223
ENO2,ENO3,83.991
ADCY5,ADCY8,58.173
ADCY5,ADCY9,57.778
UMPS,UMPS,84.407
SLC2A14,SLC2A2,54.192
ALDH1L1,ALDH1L1,97.674
SLC2A14,SLC2A3,84.653
ALDH1L1,ALDH1L2,80.473
ALDH1L1,ALDH1A2,55.389
ALDH1L1,ALDH1A1,54.167
ALDH1L1,ALDH1A3,51.786
SLC2A14,LOC538810,82.275
SLC2A14,SLC2A1,64.359
SLC2A14,SLC2A4,62.005
SLC2A3,SLC2A3,86.004
SLC2A3,LOC538810,81.799
SLC2A3,SLC2A1,66.038
SLC2A3,SLC2A4,60.341
SLC2A3,SLC2A2,54.701
AICDA,AICDA,94.5
HS6ST2,HS6ST2,93.651
HS6ST2,HS6ST3,80.952
HPRT1,HPRT1,95.714
MANSC1,MANSC1,59.77
HPRT1,LOC510369,92.694
IDS,IDS,97.333
NSDHL,NSDHL,86.29
UROC1,UROC1,90.698
GUCY2C,GUCY2C,87.399
PDE6H,PDE6H,95.238
CHST13,CHST13,81.765
PDE6H,PDE6G,94.286
ATP2B3,ATP2B3,97.397
TXNRD3,TXNRD3,82.39
TXNRD3,TXNRD1,75.102
TXNRD3,TXNRD2,55.918
MGLL,MGLL,88.546
RPN1,RPN1,94.558
RPN1,LOC539818,83.415
PIK3C2G,PIK3C2G,90.814
ACAD9,ACAD9,86.538
PLCZ1,PLCB3,52.174
ACAD11,ACAD11,84.91
ACAD11,ACAD10,51.741
SLCO2A1,SLCO2A1,83.566
PLCZ1,PLCZ1,74.347
PCCB,PCCB,98.468
PLCZ1,PLCG1,50.893
A4GNT,A4GNT,80.994
PIK3CB,PIK3CB,96.639
PLCZ1,PLCH2,52.356
PIK3CB,PIK3CD,66.105
PIK3CB,PIK3CA,50.56
PDE3A,PDE3B,68.537
PDE3A,PDE3A,93.333
NMNAT3,NMNAT1,69.697
NMNAT3,DTWD1,80.0
SLCO1C1,SLCO1C1,89.219
NMNAT3,NMNAT2,73.333
ATP1B3,ATP1B3,77.5
SLCO1B3,SLCO1B3,71.54
CHST2,CHST2,94.162
SLCO1B1,SLCO1B3,68.975
PLOD2,PLOD3,59.161
PLOD2,PLOD1,60.9
SLCO1A2,SLCO1A2,97.872
SLCO1A2,SLCO1C1,53.191
SLCO1A2,SLCO1B3,55.319
PLOD2,PLOD2,95.202
GYG1,GYG1,93.732
GYS2,GYS1,72.431
GYS2,GYS2,94.872
GYG1,GYG2,65.779
AADAC,LOC528748,50.743
AADAC,LOC782258,74.775
LDHB,LDHB,99.267
LDHB,LOC107133235,86.585
AADAC,AADAC,75.684
LDHB,LDHAL6B,69.145
PLCH1,PLCH1,97.327
LDHB,LDHC,72.316
PLCH1,PLCZ1,50.785
LDHB,LDHA,79.211
PLCH1,PLCH2,64.401
CMAS,CMAS,95.862
ST8SIA1,ST8SIA1,97.938
ST8SIA1,ST8SIA6,62.5
ATP2B3,ATP2B1,81.071
ETNK1,ETNK1,98.712
ATP2B3,ATP2B2,85.545
SLC33A1,SLC33A1,95.238
ETNK1,ETNK2,63.768
ATP2B3,ATP2B4,79.798
GMPS,GMPS,98.847
B3GALNT1,B3GALNT1,96.084
SLC6A8,SLC6A11,54.576
SI,SI,82.72
SI,LOC100296901,55.39
SI,MGAM,61.441
SLC2A2,SLC2A2,89.489
SLC6A8,SLC6A8,97.697
SLC2A2,SLC2A1,58.074
SLC2A2,SLC2A4,58.286
SLC2A2,SLC2A3,55.556
SLC2A2,LOC538810,55.046
PLD1,PLD1,92.197
SLC6A8,SLC6A13,60.386
SLC6A8,SLC6A6,58.367
SLC6A8,SLC6A1,50.302
SLC6A8,SLC6A12,61.794
IDH3G,IDH3G,95.939
IDH3G,IDH3B,55.096
RENBP,RENBP,83.452
TKTL1,TKTL1,77.634
TKTL1,TKTL2,68.621
TKTL1,TKT,60.243
G6PD,G6PD,94.186
PLD1,PLD2,66.038
BCAT1,BCAT2,60.87
TMLHE,TMLHE,94.633
DGKD,DGKD,98.291
PIK3CA,PIK3CA,99.813
DGKD,DGKH,77.273
NDUFB5,NDUFB5,85.965
BCAT1,LOC785193,88.52
GCNT2,LOC112443869,75.0
TPK1,TPK1,88.983
BCAT1,BCAT1,92.744
ALG10,ALG10,92.632
MCCC1,MCCC1,95.349
MCCC1,PCCA,50.472
SLC2A13,SLC2A13,97.174
B3GNT5,B3GNT5,86.297
PNLIPRP2,PNLIPRP2,76.596
PNLIPRP2,PNLIP,65.502
PNLIPRP2,PNLIPRP1,57.021
ABCC5,ABCC5,96.9
SLC38A1,SLC38A3,55.108
ABCC5,ABCC12,53.75
SLC38A1,SLC38A6,56.25
SLC38A1,SLC38A1,94.934
SLC38A1,SLC38A2,54.779
FUT3,FUT6,66.576
ABCC5,LOC112449072,59.551
ALG3,ALG3,94.37
SLC38A2,SLC38A2,89.744
EHHADH,ECHDC2,52.5
EHHADH,EHHADH,85.271
SLC9A3,SLC9A2,52.381
SLC9A3,SLC9A4,60.714
SLC9A3,SLC9A5,69.565
SLC9A3,LOC518911,57.692
SLC38A2,SLC38A6,58.442
SLC38A2,SLC38A4,59.132
SLC9A3,SLC9A1,51.613
SLC38A2,SLC38A5,52.85
SLC38A2,SLC38A3,60.131
SLC38A2,SLC38A1,52.941
SLC38A4,SLC38A4,93.431
SLC38A4,SLC38A2,58.755
DGKG,DGKB,60.982
SLC12A7,SLC12A5,76.201
SLC38A4,SLC38A3,55.814
SLC38A4,SLC38A5,50.939
SLC38A4,SLC38A6,53.333
DGKG,DGKG,96.016
DGKG,DGKA,58.594
SLC12A7,SLC12A6,73.341
SLC12A7,SLC12A4,72.291
PFKM,PFKL,70.288
ST6GAL1,ST3GAL1,58.0
ST6GAL1,ST6GALNAC4,52.0
ST6GAL1,ST6GAL1,88.571
PFKM,PFKP,71.842
ST6GAL1,ST6GAL2,51.705
PCYT1A,PCYT1A,96.467
PCYT1A,PCYT1B,72.121
PIGX,PIGX,82.591
PIGZ,PIGZ,78.142
BDH1,BDH1,88.462
PFKM,PFKM,96.941
LALBA,LALBA,74.126
ADCY6,ADCY6,98.529
ADCY6,ADCY5,75.0
ADCY6,ADCY4,53.455
ADCY6,ADCY7,51.077
ADCY6,ADCY3,54.58
GPD1,GPD1,93.143
GPD1,GPD1L,72.206
GALNT6,GALNT6,89.085
GALNT6,GALNT3,65.273
GALNT6,GALNT12,53.514
ABCC1,ABCC1,91.294
ABCC1,ABCC3,58.886
ABCC1,ABCC2,52.999
FTCD,FTCD,87.288
PIGG,PIGG,94.595
EHMT2,EHMT2,99.132
ND1,ND1,78.218
ND2,ND2,65.517
COX1,COX1,88.521
COX2,COX2,74.545
COX3,COX3,85.769
ND3,ND3,73.043
ND4L,ND4L,73.737
PDE6B,PDE6B,96.454
ND4,ND4,72.955
PDE6B,PDE6A,82.979
ND5,ND5,72.125
ND6,ND6,60.345
CYTB,CYTB,78.307
PDE6B,PDE6C,75.887
SLC4A8,SLC4A4,70.536
SLC4A8,SLC4A5,61.607
SLC4A8,SLC4A9,61.538
SLC4A8,SLC4A7,77.465
DGKQ,DGKQ,81.204
DGKQ,RASGRP4,51.613
DGKQ,DGKD,64.444
DGKQ,DGKB,56.522
DGKQ,DGKH,66.667
DGKQ,DGKA,60.0
DGKQ,DGKG,63.043
DGKQ,DGKZ,66.667
DGKQ,DGKI,64.103
SLC26A1,SLC26A10,51.923
IDUA,IDUA,83.817
SLC4A8,SLC4A10,79.252
SLC26A1,SLC26A1,78.925
SLC4A8,SLC4A8,99.078
PDXK,PDXK,90.0
ACOX3,ACOX3,90.141
SLC2A9,SLC2A9,85.358
CSAD,GAD1,56.489
CSAD,GADL1,82.5
CSAD,GAD2,67.5
CSAD,LOC529488,60.976
CSAD,CSAD,97.436
PDE1B,PDE1B,96.648
PDE1B,PDE1C,63.918
PDE1B,PDE1A,68.586
RDH5,RDH5,91.03
HS3ST1,HS3ST1,90.415
HS3ST1,HS3ST5,53.282
RDH5,RDH16,52.65
QDPR,QDPR,92.887
SOD3,SOD3,73.469
SLC34A2,SLC34A2,76.504
SLC34A2,SLC34A1,64.272
SLC34A2,SLC34A3,53.943
RDH5,SDR9C7,51.203
RDH5,LOC100139075,51.0
RDH5,LOC100138638,50.556
PGM2,PGM2,91.845
PGM2,PGM2L1,62.826
UGDH,UGDH,98.876
DGKA,DGKA,94.435
ATP8A1,ATP8A1,98.798
DGKA,DGKB,67.914
DGKA,DGKG,67.397
DGKA,DGKD,53.731
SUOX,SUOX,85.348
CS,CS,95.815
ATP8A1,ATP8A2,69.663
ATP8A1,LOC536660,61.029
GLS2,GLS2,97.041
GLS2,GLS,82.081
RDH16,RDH16,79.245
GNPDA2,GNPDA2,98.068
RDH16,LOC100139075,75.472
GNPDA2,GNPDA1,91.176
COX7B2,COX7B,75.309
COX7B2,COX7B2,67.901
PPAT,PPAT,89.649
RDH16,HSD17B6,63.208
RDH16,SDR9C7,54.459
RDH16,RDH5,52.667
RDH16,DHRS9,52.041
RDH16,LOC100138638,77.778
SHMT2,SHMT2,95.058
SHMT2,SHMT1,65.066
PAICS,PAICS,94.601
UGT2B17,LOC615303,75.047
UGT2B17,LOC100138908,74.2
UGT2B17,LOC540615,73.823
UGT2B17,LOC100140261,74.011
UGT2B17,LOC100296421,72.505
UGT2B17,UGT2B10,72.128
PIP4K2C,PIP4K2C,97.167
PIP4K2C,PIP4K2B,73.596
PIP4K2C,PIP4K2A,69.194
UGT2B17,MGC152010,60.811
UGT2B17,LOC530553,60.583
UGT2B17,LOC526979,59.496
UGT2B17,LOC781988,60.2
UGT2B17,LOC540544,82.209
UGT2B17,LOC100138004,80.399
UGT2B17,UGT2A1,83.394
UGT2B17,LOC782370,50.667
NDUFA11,NDUFA11,72.535
B4GALNT1,B4GALNT1,96.585
NDUFA7,NDUFA7,88.596
B4GALNT1,B4GALNT2,76.923
RDH8,RDH8,85.304
CYP27B1,CYP27B1,88.431
UGT2B7,UGT2A1,81.387
SLC16A7,SLC16A7,79.828
SLC16A7,SLC16A1,58.74
SLC16A7,LOC509911,59.732
GNS,GNS,92.87
TPH2,TPH2,96.545
TPH2,TPH1,72.483
TPH2,PAH,56.221
TPH2,TH,51.887
GALNT4,GALNT4,91.192
GALNT4,GALNT12,61.638
ATP2B1,ATP2B1,99.401
UGT2B7,LOC540544,83.019
UGT2B7,LOC100138004,81.295
UGT2B7,LOC100138908,82.562
UGT2B7,LOC540615,81.851
UGT2B7,LOC100140261,81.495
UGT2B7,LOC100296421,80.427
UGT2B7,LOC615303,80.287
UGT2B7,UGT2B10,81.139
UGT2B7,LOC530553,79.63
UGT2B7,LOC526979,77.985
UGT2B7,MGC152010,78.358
UGT2B7,LOC781988,76.316
UGT2B7,UGT1A1,59.643
UGT2B7,UGT1A6,58.993
UGT2B7,LOC782370,62.827
UGT2B28,LOC615303,71.698
UGT2B28,LOC100296421,70.755
UGT2B28,LOC100138908,71.132
UGT2B28,LOC540615,70.566
UGT2B28,LOC100140261,70.189
UGT2B28,UGT2B10,72.621
UGT2B28,LOC526979,58.755
UGT2B28,LOC530553,57.854
UGT2B28,LOC781988,58.743
UGT2B28,MGC152010,58.869
UGT2B28,UGT2A1,77.372
ATP2B1,ATP2B2,84.281
UGT2B28,LOC540544,80.749
UGT2B28,LOC100138004,77.246
ATP2B1,ATP2B3,83.899
ATP2B1,ATP2B4,80.443
UGT2B4,LOC615303,81.842
UGT2B4,LOC100296421,79.737
UGT2B4,LOC100138908,80.263
UGT2B4,LOC100140261,80.0
UGT2B4,LOC540615,80.0
UGT2B4,UGT2B10,80.0
UGT2B4,LOC530553,72.176
UGT2B4,MGC152010,71.111
UGT2B4,LOC526979,69.806
UGT2B4,LOC781988,69.167
UGT2B4,UGT1A1,52.243
UGT2B4,UGT1A6,52.987
UGT2B4,LOC782370,59.107
UGT2B4,LOC540544,83.019
UGT2B4,LOC100138004,81.295
UGT2B4,UGT2A1,82.114
SULT1E1,SULT1E1,73.81
SULT1E1,SULT1D1,55.405
SULT1E1,SULT1B1,57.244
SULT1E1,SULT1C3,55.088
SULT1E1,SULT1A1,52.92
SULT1E1,LOC783020,50.181
DCK,DCK,94.253
SLC4A4,SLC4A4,97.5
SLC4A4,SLC4A9,59.425
SLC4A4,SLC4A10,60.132
SLC4A4,SLC4A7,60.0
SLC4A4,SLC4A5,68.187
SLC4A4,SLC4A8,60.27
GK2,GK,88.448
GK2,LOC538702,86.282
GK2,GK2,84.964
COQ2,COQ2,84.409
CDS1,CDS1,95.69
CDS1,CDS2,71.209
NUDT9,NUDT9,89.562
HPGDS,HPGDS,86.0
PDHA2,PDHA2,84.576
PDHA2,PDHA1,85.861
ADH5,ADH5,94.933
ADH5,ADH4,61.93
ADH5,ADH1C,60.963
ADH5,ADH6,58.981
ADH5,LOC523510,52.861
ADH5,ADH7,51.639
ADH4,ADH4,77.69
ADH4,ADH1C,58.005
ADH4,ADH6,56.806
ADH4,LOC523510,52.139
ADH4,ADH7,50.402
ADH4,ADH5,63.003
ADH6,LOC523510,56.499
ADH6,ADH7,52.044
ADH6,ADH6,78.533
ADH6,ADH1C,61.035
ADH6,ADH5,60.055
ADH6,ADH4,57.527
ADH1A,ADH1C,83.511
ADH1A,ADH5,64.706
ADH1A,ADH6,61.905
ADH1A,ADH4,59.843
ADH1A,ADH7,58.967
ADH1A,LOC523510,53.457
ADH1B,ADH1C,83.245
ADH1B,ADH5,63.904
ADH1B,ADH4,59.686
ADH1B,ADH6,63.492
ADH1B,ADH7,59.239
ADH1B,LOC523510,53.274
ADH1C,ADH1C,84.574
ADH1C,ADH5,63.904
ADH1C,ADH4,59.948
ADH1C,ADH6,62.169
ADH1C,ADH7,59.239
ADH1C,LOC523510,52.66
ADH7,ADH7,78.202
ADH7,ADH1C,69.149
ADH7,ADH6,59.151
ADH7,ADH4,54.068
ADH7,LOC523510,53.117
ADH7,ADH5,60.108
MANBA,LOC614269,85.294
MANBA,MANBA,77.896
PPA2,PPA2,84.375
PPA2,PPA1,60.071
PAPSS1,PAPSS1,98.51
PAPSS1,PAPSS2,78.203
HADH,HADH,89.841
NDUFA12,NDUFA12,89.726
NDUFA12,LOC101906178,89.041
NDUFA12,LOC781064,91.089
HAL,HAL,97.351
LTA4H,LTA4H,94.363
ETNPPL,PHYKPL,68.782
ETNPPL,ETNPPL,90.164
PLA2G12A,PLA2G12A,97.059
SLC25A3,SLC25A3,94.49
NDST4,NDST4,98.583
NDST4,NDST1,77.126
NDST4,NDST2,74.49
SLC25A3,LOC616319,78.248
SLC17A8,SLC17A8,93.898
NDST4,NDST3,87.313
SLC17A8,SLC17A6,73.402
SLC17A8,SLC17A7,75.596
SLC5A8,SLC5A8,91.667
SLC5A8,SLC5A12,62.5
SLC5A8,SLC5A5,55.093
SLC5A8,SLC5A6,50.971
CHPT1,CHPT1,91.899
CHPT1,CEPT1,66.12
PAH,PAH,92.494
PAH,TPH1,56.148
PAH,TPH2,53.407
PAH,TH,50.465
NDST3,NDST4,88.326
NDST3,NDST1,77.753
NDST3,NDST2,74.229
TXNRD1,TXNRD2,56.531
NDST3,NDST3,98.507
TXNRD1,TXNRD3,71.283
TXNRD1,TXNRD1,93.723
PDE5A,PDE5A,96.882
CHST11,CHST11,99.27
SLC7A11,SLC7A7,52.273
CHST11,CHST13,50.943
DAO,DAO,83.333
SLC7A11,SLC7A11,93.971
NDUFC1,NDUFC1,79.221
SETD7,SETD7,100.0
MGST2,MGST2,86.897
MGST2,LTC4S,54.286
UCP1,UCP1,82.736
UCP1,UCP3,57.468
UCP1,UCP2,57.282
INPP4B,INPP4A,63.566
ACACB,ACACB,92.504
ACACB,ACACA,81.857
INPP4B,INPP4B,96.667
MVK,MVK,87.5
MMAA,MMAA,90.217
LRAT,LRAT,87.446
ACAD10,LOC511425,85.549
TDO2,TDO2,91.892
ACAD10,ACAD10,80.482
ALDH2,ALDH2,93.922
ETFDH,ETFDH,95.357
ALDH2,ALDH1A2,67.335
TKTL2,TKTL2,81.021
TKTL2,TKTL1,73.802
TKTL2,TKT,68.567
MSMO1,MSMO1,95.238
ALDH2,ALDH1A1,67.53
AADAT,AADAT,80.047
ALDH2,ALDH1B1,68.085
ALDH2,ALDH1A3,65.859
SDS,SDS,83.54
SDS,SDSL,60.377
NOS1,NOS3,61.241
GALNT7,GALNT7,95.781
GALNT7,GALNT1,52.349
NOS1,NOS1,94.894
NOS1,NOS2,67.195
SPCS3,SPCS3,100.0
AGA,AGA,83.665
PLA2G1B,PLA2G1B,76.224
COX6A1,COX6A1,84.545
DCTD,DCTD,92.737
ACSL1,ACSL1,90.379
COX6A1,LOC101902002,82.727
COX6A1,COX6A2,61.957
ACADS,ACADS,90.315
HPD,HPD,92.394
ACSL1,ACSL6,74.497
B3GNT4,B3GNT4,85.511
KMT5A,KMT5A,94.286
ATP6V0A2,ATP6V0A2,93.075
ATP6V0A2,ATP6V0A1,56.014
ATP6V0A2,ATP6V0A4,56.545
ATP6V0A2,TCIRG1,55.286
AACS,AACS,93.115
ACSL1,ACSL5,62.732
SLC25A4,SLC25A4,95.987
SLC25A4,SLC25A5,90.301
SLC25A4,LOC132344463,87.96
SLC25A4,SLC25A6,87.96
SLC25A4,LOC787122,93.6
SLC25A4,SLC25A31,74.658
GALNT9,GALNT9,92.903
SDHA,SDHA,91.221
GALNT9,GALNT17,61.45
GALNT9,GALNT18,50.565
SLC7A1,SLC7A1,91.27
SLC7A1,SLC7A2,62.237
SLC7A1,SLC7A3,58.281
SLC7A1,LOC527385,52.365
SLC7A1,MGC138914,53.045
SLC7A1,LOC528332,51.5
SLC9A3,SLC9A3,90.173
SLC7A1,LOC104968422,52.811
SLC7A1,MGC157082,52.811
SLC7A1,LOC525820,51.235
SLC7A1,LOC789418,51.648
SLC7A1,LOC504861,64.417
SLC7A1,LOC532048,50.515
SLC7A1,LOC132342876,69.6
SLC7A1,LOC101904151,51.429
ALG5,ALG5,93.399
SLC25A15,SLC25A15,95.364
SLC25A15,SLC25A2,83.775
DGKH,DGKH,94.562
DGKH,DGKD,65.178
DGKH,LOC132344348,70.43
DGKH,DGKG,56.25
DGKH,DGKZ,51.825
DGKH,DGKA,56.25
DGKH,DGKI,56.154
DGKH,DGKB,52.344
ESD,ESD,92.226
SUCLA2,SUCLA2,93.534
SUCLA2,SUCLG2,52.941
SETDB2,SETDB2,94.203
SETDB2,SETDB1,59.42
DCT,DCT,86.256
DCT,TYRP1,51.531
SLC12A7,SLC12A7,88.834
TGDS,TGDS,98.742
SLC6A3,SLC6A3,86.957
SLC6A3,SLC6A2,67.179
SLC6A3,SLC6A4,50.444
NDUFS6,NDUFS6,83.2
SRD5A1,SRD5A1,79.048
SRD5A1,SRD5A2,61.111
ADCY2,ADCY7,53.153
ADCY2,ADCY4,58.727
ABCC4,LOC107131273,72.232
ABCC4,LOC132344757,74.3
ABCC4,LOC112445749,75.726
ABCC4,LOC101904517,73.446
ADCY2,ADCY2,97.604
ABCC4,LOC101902253,73.786
ABCC4,LOC104969875,70.0
AMACR,AMACR,84.881
ABCC4,LOC112449072,75.566
AGXT2,AGXT2,91.556
ABCC4,LOC112445621,74.528
ABCC4,LOC132344789,70.52
ABCC4,LOC112449074,73.529
SLC1A3,SLC1A2,63.218
ABCC4,LOC523431,86.842
SLC1A3,SLC1A6,74.502
SLC1A3,SLC1A7,66.406
SLC1A3,SLC1A1,60.967
ABCC4,LOC528412,73.141
SLC1A3,SLC1A5,53.982
SLC1A3,SLC1A3,97.936
OXCT1,OXCT1,91.291
OXCT1,LOC100297708,77.879
OXCT1,OXCT2,77.576
ABCC4,LOC112449109,65.863
HMGCS1,HMGCS1,95.969
HMGCS1,HMGCS2,66.167
ABCC4,LOC101903219,72.872
ABCC4,LOC101907471,72.5
NNT,NNT,98.296
NDUFS4,NDUFS4,95.506
PLPP1,PLPP1,94.056
PLPP1,PLPP3,59.474
PLPP1,PLPP2,63.063
ABCC4,LOC132344758,76.271
ABCC4,LOC100337244,73.77
ABCC4,LOC132346710,64.407
ABCC4,LOC515333,90.806
ABCC4,LOC784305,78.347
ABCC4,LOC100847574,74.595
ABCC4,LOC520016,75.204
ABCC4,LOC100848700,74.731
ABCC4,LOC101902555,74.389
ABCC4,LOC107131271,73.674
ABCC4,LOC132342101,74.306
ABCC4,LOC522174,73.634
ABCC4,LOC104973089,78.313
ABCC4,LOC100851552,68.274
ABCC4,LOC107131259,76.923
ABCC4,LOC112445630,76.163
ABCC4,LOC132344763,88.0
ABCC4,LOC132346786,95.652
ABCC4,LOC523126,76.471
ABCC4,LOC101906567,78.431
ABCC4,LOC509854,79.221
ABCC4,LOC100337076,74.03
ABCC4,LOC100299180,75.49
ABCC4,LOC107131247,77.451
ABCC4,LOC521568,74.51
PDE4D,PDE4C,80.942
ABCC4,LOC100337390,80.851
ABCC4,LOC100337053,78.846
PDE4D,PDE4B,81.947
PDE4D,PDE4A,78.855
ABCC4,LOC107131218,66.379
PDE4D,PDE4D,99.01
ABCC4,LOC617079,78.788
ABCC4,LOC101902112,78.431
ABCC4,LOC112445525,75.49
ABCC4,LOC132344762,81.915
ABCC4,LOC112445693,76.471
ABCC4,LOC104970698,88.889
PIK3R1,PIK3R2,76.675
PIK3R1,PIK3R1,98.901
PIK3R1,PIK3R3,79.722
MCCC2,MCCC2,89.539
HEXB,HEXB,77.204
HEXB,LOC786974,75.988
HEXB,HEXA,63.924
GCNT4,GCNT4,87.692
HMGCR,HMGCR,95.501
PDE8B,PDE8B,96.382
ABCC4,LOC100337129,70.175
ABCC4,LOC101902462,70.663
HS6ST3,HS6ST3,91.561
HS6ST3,HS6ST2,73.414
HS6ST3,HS6ST1,55.158
CLYBL,CLYBL,87.755
PDE8B,PDE8A,72.449
PCCA,PCCA,93.841
PCCA,MCCC1,54.333
PCCA,ACACB,55.0
SLC10A2,SLC10A2,87.542
SLC10A2,SLC10A6,52.542
ATP4B,ATP4B,84.454
PNP,PNP,88.028
PNP,LOC790312,84.828
DAD1,DAD1,98.246
SLC7A7,SLC7A6,74.0
SLC7A7,SLC7A7,92.174
SLC7A7,SLC7A5,50.951
SLC7A7,SLC7A10,50.157
SLC7A8,SLC7A8,90.207
SLC7A8,SLC7A5,54.769
SLC7A8,SLC7A10,76.023
ARSB,ARSI,60.446
SLC7A8,SLC7A6,50.833
ARSB,ARSB,89.474
ARSB,ARSJ,58.16
DMGDH,DMGDH,93.686
THTPA,THTPA,88.172
BHMT2,BHMT2,82.153
PCK2,PCK2,95.714
BHMT2,BHMT,83.486
BHMT,BHMT,94.924
BHMT,BHMT2,69.315
PCK2,PCK1,73.57
GMPR2,GMPR2,98.361
DHFR,DHFR,86.992
CKMT2,CKMT2,96.667
CKMT2,CKMT1A,79.759
CKMT2,CKB,66.205
CKMT2,CKM,66.482
ACOT12,ACOT12,89.125
ACOT12,ACOT11,54.4
COX7C,LOC101902937,84.375
COX7C,COX7C,84.375
COX7C,LOC101903567,82.812
COX7C,LOC112447079,82.812
COX7C,LOC101905997,79.688
COX7C,LOC101906743,82.759
GLRX,LOC101902340,83.178
GLRX,GLRX,81.308
GLRX,LOC101904371,78.505
GLRX,LOC107131447,75.824
MAN2A1,MAN2A1,82.81
GMPR2,GMPR,85.417
ADCY4,ADCY4,94.08
ADCY4,ADCY2,57.063
ADCY4,ADCY7,51.859
MAN2A1,MAN2A2,55.241
CDO1,CDO1,95.139
SLC25A21,SLC25A21,93.966
HSD17B4,HSD17B4,85.753
MGAT2,MGAT2,90.402
PYGL,PYGL,92.824
PYGL,PYGM,80.714
PYGL,PYGB,79.736
GNPNAT1,GNPNAT1,99.459
ST3GAL2,ST3GAL2,96.011
ST3GAL2,ST3GAL1,53.633
GCH1,GCH1,100.0
SGPP1,SGPP1,84.978
ALDH7A1,ALDH7A1,96.875
ST3GAL2,ST6GALNAC4,60.417
MTHFD1,MTHFD1,92.733
CHST4,CHST4,78.608
MTHFD1,MTHFD1L,63.854
GPX2,GPX2,96.859
GPX2,GPX1,65.217
SLC12A2,SLC12A2,94.741
CHST4,CHST6,59.587
FUT8,FUT8,98.547
ATP6V1D,ATP6V1D,99.194
PIGH,PIGH,95.767
TAT,TAT,92.188
SLC12A2,SLC12A1,66.012
ARG2,ARG2,92.676
ARG2,ARG1,59.937
SLC12A2,SLC12A3,56.325
RDH11,RDH12,74.667
RDH11,RDH13,56.589
RDH11,RDH11,89.116
RDH12,RDH12,89.905
DHODH,DHODH,91.826
RDH12,RDH11,70.447
RDH12,RDH13,52.667
RDH12,DHRS13,51.536
SLC10A1,SLC10A1,83.478
CHSY3,HSPA8,50.394
CHSY3,HSPA6,55.556
CHSY3,CHSY3,95.296
CHSY3,CHSY1,71.908
LDHD,LDHD,88.043
P4HA2,P4HA1,67.614
P4HA2,P4HA2,94.944
SLC22A4,SLC22A5,83.206
SLC22A4,SLC22A4,87.234
CHST6,CHST6,88.804
SLC22A5,SLC22A4,74.694
CHST6,CHST4,56.906
SLC22A5,SLC22A5,90.838
CHST5,CHST6,80.928
UQCRQ,UQCRQ,77.108
CHST5,CHST4,55.319
SLC23A1,SLC23A1,95.789
SLC23A1,LOC100337457,55.0
SLC23A1,LOC514257,53.719
SLC8A3,SLC8A3,97.895
SLC8A3,SLC8A1,81.855
SLC8A3,SLC8A2,86.567
SLC23A1,SLC23A2,66.844
ACOT2,LOC785383,81.517
ACOT2,ACOT6,75.455
ACOT2,ACOT4,72.414
ACOT2,LOC512541,71.552
ACOT2,LOC530653,50.45
ACOT2,ACOT2,81.818
SLC4A9,SLC4A8,60.49
COQ6,COQ6,91.807
SLC4A9,SLC4A4,65.845
SLC4A9,SLC4A5,62.136
SLC4A9,SLC4A10,57.605
SLC4A9,SLC4A7,59.441
ENTPD5,ENTPD6,56.098
ENTPD5,ENTPD5,92.308
ALDH6A1,ALDH6A1,96.597
SLC4A9,SLC4A9,91.489
DLST,DLST,94.465
ACYP1,ACYP1,90.0
ACYP1,ACYP2,59.677
NDUFA2,NDUFA2,95.714
SLC25A2,SLC25A2,86.755
SLC25A2,SLC25A15,85.43
GNPDA1,GNPDA1,97.931
GNPDA1,GNPDA2,89.051
GSTZ1,GSTZ1,89.189
SPTLC2,SPTLC3,70.166
SPTLC2,SPTLC2,94.725
DPYSL3,DPYS,58.065
DPYSL3,DPYSL5,52.151
DPYSL3,DPYSL3,98.249
GALC,GALC,88.462
DPYSL3,DPYSL2,76.963
DPYSL3,CRMP1,75.567
DPYSL3,DPYSL4,68.412
NDUFB1,NDUFB1,83.051
NDUFB1,LOC132343315,67.857
SLC24A4,SLC24A5,50.254
PDE6A,PDE6A,94.703
PDE6A,PDE6B,79.772
SLC24A4,SLC24A1,56.213
SLC24A4,SLC24A4,92.308
SLC24A4,SLC24A3,61.512
PDE6A,PDE6C,69.558
COX8C,LOC100300759,70.968
AK7,AK7,87.201
SLC26A2,SLC26A2,82.075
CYP46A1,CYP46A1,92.829
SLC6A7,SLC6A5,56.213
SLC6A7,SLC6A4,51.205
SLC6A7,SLC6A2,54.815
CKB,CKB,97.12
SLC6A7,SLC6A7,98.43
CKB,CKM,80.628
CKB,CKMT2,67.59
CKB,CKMT1A,69.252
SLC6A7,LOC515755,50.171
SLC6A7,SLC6A9,50.507
NDST1,NDST1,98.188
NDST1,NDST4,70.136
NDST1,NDST2,74.969
ATP10A,ATP10A,82.833
NDST1,NDST3,69.54
ATP10A,ATP10B,51.724
ATP10A,ATP10D,61.429
GPX3,GPX3,88.106
GPX3,GPX6,73.733
GPX3,LOC112441537,70.968
GPX3,GPX5,70.968
SLC12A6,SLC12A4,78.435
SLC36A1,SLC36A4,56.929
SLC36A1,SLC36A3,65.349
SLC36A1,SLC36A1,90.184
SLC12A6,SLC12A9,56.667
SLC36A1,SLC36A2,72.589
GALNT10,GALNT10,95.364
GALNT10,GALNTL6,70.764
MAT2B,MAT2B,96.119
PANK3,PANK3,99.461
PANK3,PANK2,82.787
PANK3,PANK1,80.912
ATP6V0E1,ATP6V0E1,97.561
ATP6V0E1,ATP6V0E2,68.75
ATP6V0E1,LOC101905465,69.512
HK3,HK3,90.703
HK3,HK2,56.841
HK3,HK1,53.356
HK3,HKDC1,52.83
SLC12A6,SLC12A6,99.235
HK3,GCK,57.196
SLC34A1,SLC34A1,89.531
SLC34A1,SLC34A2,70.32
SLC34A1,SLC34A3,58.738
B4GALT7,B4GALT7,81.124
SLC12A6,SLC12A5,75.087
LTC4S,LTC4S,96.429
SLC12A6,SLC12A7,70.884
MGAT4B,MGAT4B,96.782
MGAT4B,MGAT4A,65.423
GFPT2,GFPT2,97.804
GFPT2,GFPT1,80.099
MGAT1,MGAT1,90.179
GMDS,GMDS,98.529
GCNT2,LOC520336,87.117
GCNT2,GCNT2,85.577
PLCB2,PLCB2,94.178
GCNT2,GCNT7,52.493
GMPR,GMPR,95.376
GMPR,GMPR2,80.0
ALDH5A1,ALDH5A1,84.515
PLCB2,PLCB1,54.835
PLCB2,PLCB3,52.661
SLC17A4,SLC17A4,73.292
IVD,IVD,92.727
CHST14,CHST14,93.634
ITPKA,ITPKA,97.931
ITPKA,ITPKB,67.376
ITPKA,ITPKC,63.287
SLC17A4,SLC17A2,63.492
SLC17A4,SLC17A1,56.897
GANC,GANC,87.5
SLC17A4,SLC17A3,52.414
SLC17A1,SLC17A1,65.217
SLC17A1,SLC17A2,53.441
CKMT1B,CKMT1A,97.608
SLC17A3,SLC17A3,72.152
CKMT1B,CKM,69.149
SLC17A3,SLC17A2,60.127
SLC17A3,SLC17A4,53.822
CKMT1B,CKMT2,85.2
CKMT1B,CKB,74.18
SORD,SORD,89.045
DUOX2,DUOX2,87.411
DUOX2,DUOX1,73.563
DUOX1,DUOX2,76.401
DUOX1,DUOX1,90.862
SLC17A2,SLC17A3,53.766
SLC28A2,SLC28A2,85.606
SLC28A2,SLC28A1,63.885
GATM,GATM,94.915
SLC17A2,SLC17A1,54.545
SLC17A2,SLC17A4,52.722
SLC12A1,SLC12A2,67.09
SLC17A2,SLC17A2,92.446
SLC12A1,SLC12A3,53.411
SLC12A1,SLC12A1,95.455
GPX6,GPX6,83.784
GPX6,LOC112441537,72.072
GPX6,GPX5,72.072
GPX6,GPX3,69.585
ATP6V1G2,ATP6V1G2,97.479
ATP6V1G2,ATP6V1G1,65.546
ATP6V1G2,ATP6V1G3,53.782
